content,label
jee这人挺有意思的，问他空了中了，他说赚了,1
一想到窝里横瞧不起国内穷逼的Jee老师，在国外要吃冰淇淋扮丑逗老外开心，我的泪就止不住??,1
有没有人统计jee不起狙胜率的，我咋印象里不起狙胜率高多了[星星眼],2
钟伟杰该给jee上强度了，这个状态major直邀二阶段也是三场回家的状态,3
首次无缘淘汰赛？看这标题我还以天禄是什么稳进淘汰赛的顶级强队呢,2
充满大嫂的世界到底在哪里～,1
本来没期望能赢faze，但是为什么能输fnc啊[藏狐]这才是最大的问题1v3被接完了,1
"jee：“我可以负责任的说现在留下来打职业的没一个是奔着钱来的” pee：“你先想想怎么样能比我赚的多吧”",1
我只要看个天禄小镇，只要是jee起个破狙上a二楼就坏了,1
7:03这里锐评的太对了，你根本不知道jee在队内是什么样的选手，辅助辅助没有进攻进攻没有我很怀疑到底有没有练，很喜欢他一句话说经常看小孩demo。,5
&#34;CNCS首次无缘淘汰赛&#34; 好陌生的标题[藏狐],2
其实是5e老板的计谋，天禄被淘汰了，流量队全走了， 完美的CAC就赚不到钱，拖垮竞争对手,2
jee你赚的有我多吗,1
[无限暖暖_毛线汪汪],3
[脱单doge],3
Jee的狙只能说又快又快，有故人资质了,2
jee打的差没人否认，但是你第一波说他不反闪，敢问up玩过游戏吗？闪光要不要丢肯定是取决于队友需不需要，这个队友需不需要肯定是队友自己主动说的，而不是要有闪光的人时刻关注队友那边的情况，更何况这是职业，人家肯定是早练过这个。与其尬黑说jee没有反闪葬送手枪局，你不如说三个a点的人没有沟通，导致这颗闪反慢了，up你不要孤立的看这个反闪阿，你这说的好像jee每个操作都是错的。真好奇up最高上过多少分。,1
哥们，他直播说了:“别喷了哥们儿，你赚的没我多”,2
看这舆论，jee是不是要退役了？,3
[笑哭]要不真把蛋换回去吧，再练练肯定行,2
看直播的时候，老九在看徒弟摸香蕉道出去被直接偷死，回去看是谁丢ci的匪口烟害死了jamy，没错还是jee，气的老九话都不说了,3
感觉总体分析没毛病，就是手枪局确实没信息，感觉不怪jee，剩下的看着是真红啊，感觉最红还是米垃圾那把鞭炮，那个是纯没法洗了（ps：赚的没有jee多,4
"其实Jee的这句话切片应该是一段时间以前的吧，当时没发酵，现在就是打的不好拿出来被翻旧账 打不得好你直接喷他菜就行了，到处发“你能不能把你的狙练练好”——“你先想想怎么赚的比我多吧”感觉挺没脑子的 有些人是玩梗，有些人是串子走到哪儿发到哪儿 感觉国内就是这么个行情，人就应该低调又有实力，但凡你高调了，别让我抓到你失意的时候，你打得不好我新账旧账抓着你算 让我不得不想起隔壁的“陈梦”，就因为一句话被人网暴，第二次奥运冠军把现场打成图书馆是真的很解气 还是希望小将沉淀一下吧，期待下次CNCS更好的发挥",2
"记住那句话 你能让一个逗比站在世界C位 他能逗死你 真正的强者杰米扬你看他闷头干活说了啥 上次夺冠得亏逗比签证问题先去不了 让杰米扬和整支队伍打好状态 后来逗比一来就上顺风车捧杯而已",2
最离谱的是jee这人从23年开始狙击水平没有一次进步,1
说句Tyloo粉丝不爱听的，jee就是性价比冬瓜强,1
"别说jee了,woxic,wonderful,hallzerk,ultimate这几个所谓强队狙哪个是稳定的?molodoy天才少年,跟navi五场打下来空的也是多,职业赛场里狙真的难玩.洗完回来,jee作为狙击手确实很多时候可以考虑换步枪打了,至少是T方开可以多尝试拿ak而不是狙",2
up，你天天操心CNCS战队怎么怎么样，你有JEE赚得多吗[笑哭][笑哭],2
给我这个先申请互动在zywoo尸体上做蹲起喷漆，导致zywoo被网暴不解释清楚反而含糊其辞说视角问题自己装的冰洁玉清 aoe水友赚的没自己多，8月17号还在玩老板的刀，8月15号就和老板刚分手半个月的前女友去酒店被水友撞见，著名采访goat，米垃圾警家连空8枪，空之轨主理人，在镜头面前挤眉弄眼表演型人格，cs职业赛级嘉豪，令主播跪求别起狙的传奇顶流狙神jee看笑了??给我这个先申请互动在zywoo尸体上做蹲起喷漆，导致zywoo被网暴不解释清楚反而含糊其辞说视角问题自己装的冰洁玉清 aoe水友赚的没自己多，8月17号还在玩老板的刀，8月15号就和老板刚分手半个月的前女友去酒店被水友撞见，著名采访goat，米垃圾警家连空8枪，空之轨主理人，在镜头面前挤眉弄眼表演型人格，cs职业赛级嘉豪，令主播跪求别起狙的传奇顶流狙神jee看笑了??给我这个先申请互动在zywoo尸体上做蹲起喷漆，导致zywoo被网暴不解释清楚反而含糊其辞说视角问题自己装的冰洁玉清 aoe水友赚的没自己多，8月17号还在玩老板的刀，8月15号就和老板刚分手半个月的前女友去酒店被水友撞见，著名采访goat，米垃圾警家连空8枪，空之轨主理人，在镜头面前挤眉弄眼表演型人格，cs职业赛级嘉豪，令主播跪求别起狙的传奇顶流狙神jee看笑了??给我这个先申请互动在zywoo尸体上做蹲起喷漆，导致zywoo被网暴不解释清楚反而含糊其辞说视角问题自己装的冰洁玉清 aoe水友赚的没自己多，8月17号还在玩老板的刀，8月15号就和老板刚分手半个月的前女友去酒店被水友撞见，著名采访goat，米垃圾警家连空8枪，空之轨主理人，在镜头面前挤眉弄眼表演型人格，cs职业赛级嘉豪，令主播跪求别起狙的传奇顶流狙神jee看笑了??,1
国内缺能兜底的人，我发现天禄基本上在赛场不缴对面枪的[笑哭]而且残局能力太差了，就没有人能一打五，不是一块上的那种,3
毒叶简直是叶圣啊自己狙这么强还让JEE做主狙,2
"最抽象的是： 上一次打裂变天地s2比赛，和在荒漠迷城把白菜打红温开爆的那次比赛，第二局打的炼狱小镇，jee连续两次，不知道且没有意识到“匪从出身位到VIP下的最速时间”；更离谱的是，这个小丑??还嬉皮笑脸的来了一句“握草，我不知道对面能这么快”。这些基本常识，天梯玩家可以没有，职业哥也可以没有吗？ 再结合他这次比赛，十次有八次在二楼，既然对二楼这么痴迷，怎么这个熟练度和基本常识却不具备？ 他还有b脸和国内玩家对爆说“你有我挣得多吗？大哥”典型的，没本事，没决心，没魄力，最后只剩嘴了。和某足一个德行。",1
你问他为什么空？他会说你挣得没他多，就这么简单[笑哭],1
ds锐评jee,3
其实吧，这还真不怪jee，因为打比赛的时候不让放追梦赤子心,2
j神狙很奇怪，尤其是小幅度甩狙时总是先开枪后定位，像是章鱼食指也有个脑子在操控觉得要开火，手腕则是大脑在操控觉得要瞄准，很不协调看着难受,3
能不能别带我ezboy、讨喜boy、冰淇淋boy、玩嫂boy、赚得多boy、爱空枪boy、不吃资源辅助狙boy、阳光开朗boy、队内开心果boy的节奏啦？[生气],2
别尬黑我世界首个小镇100%胜率拔网线回防战术创始人啊[汤圆],2
我一直的观点是，jee的心态特别差抗压能力不行不是大场面选手，先不说技术层面的。我之前在完美评论区发过，就是我比较喜欢关注选手的微表情，今年科隆入围赛打3dmax的时候，她蹲在三箱1v1残局，他紧张的把手离开了鼠标然后握了握拳头。眼睛一直在眨，跟石头一样。结果被对面直接走单背身。然后打残局也是，AK枪法有时候会变形胜率比较低，心态真不行，他特别紧张明显能看出来、,3
jee就是一个喜欢小孩，想模仿小孩，想成为小孩的那种cn职业选手。打狙的时候下意识的选择都是更主动更需要状态和天赋的决策。你看他打步枪也跟团队融入的不错，打的节奏也很好。抛开嘴上和场外的那些破事。jee最大的问题是要在教练组的指导下，搞清楚，天禄需要一把什么狙。团队需要什么狙你打什么狙，而不是你所谓的带着兄弟们拿荣誉。,3
其实最大的问题是游戏内外的态度 cncs除了三叶没一线狙 正常热爱游戏的玩家最不能忍的是你游戏外被弹幕搞破防 在游戏内自己懈怠了对自己的训练和提升 隔壁康康低谷的时候都被喷成那样了都有心态 还照样c 这句话我真不知道怎么去说 但结合他最近那些破事还是有点失望的 特别是我曾给予他厚望 在所有人都在调侃他的时候 （谁又真正不想看到他能成为一个优秀的狙击手）以上纯属我闲的没事放屁说的 希望cncs变得越来越好,3
jee这人有意思，反正只要选出小镇打，不管打输了打赢了，他都能给你垫底,2
充满大嫂的世界到底在哪里,2
突然好奇如果隔壁lpl有人说这种话，会怎么样[妙啊],2
得优化,3
第一波我也觉得没问题，你这完全是上帝视角的分析,1
总有人各种护着jee 我建议是你们从lvg开始就看看大伙对他狙的评价 jee在天禄最大的贡献就是一个乐观活宝 但是他只有活 却不是那块宝,2
我说这么多就是只想提一个问题，就是jee并没有一个职业选手的灵性，就是对面什么战术，会怎么打，对面的人大概率会出现什么位置，我应该怎么做，jee给我感觉就是他在等别人指挥他，或者是按自己的天梯玩法去玩，这是不对的，我知道很多人会告诉我这个东西看天分，真不是天分，你看faze打小蜜蜂给ropz抓成啥了，很明显faze几个选手是研究过而且知道ropz的大概走位的，这就是选手的个人努力和俱乐部的分析师还有教练的作用，意识这个东西是可以积累的，哪怕达不到顶尖，选手的职业素养也是可以的，但是需要选手自己去努力，自己去想去分析，打完自己去总结，自己去看录像这局自己哪里失误了，为什么，对面什么战术，我应该怎么做，我甚至在这里提出来一个假设，就是jee分析录像的时间，还没有up主多，这才是最可悲最难受的，我们就像太监一样，皇上不急太监猛急。。。。,3
又带我j神的节奏，别影响我j神泡妞?赚钱,2
该喷是该喷，但是up这爆破音也太多太难听了。影响观感了建议下次喷的时候优化一下,3
咱们cncs的巨婴，你赚的有人多吗[doge],2
在cncs热度暴涨的时候，给观众们拉了一坨大的。不亚于英雄联盟s8rng败给G2的同时，还要外加IG也惨败没拿冠军一样难受。,2
[喜极而泣][喜极而泣][喜极而泣][喜极而泣][喜极而泣],2
有些确实尬黑了,2
a1那波给道具timing更多吧,3
其实cncs很多比赛都进不了淘汰赛，所以cac进不了淘汰赛也没有稀奇的，反而进了淘汰赛才是个稀罕事,3
说实话这种分析有点片面，毕竟你没有语音，压根不知道他们队内是怎么沟通的。举个例子，如果猎鹰没爆出来语音，你可能永远都不知道原来是小孩叫龙哥帮架香蕉道的。,3
第一波闪光倒还好，这种闪肯定是主A要才给，跟Jee没啥关系，但补枪露大身位给链接就是问题了，感觉是慌了，捏完闪想着侧着跑躲一下枪线结果正好露给链接看了,3
"第二个说一下小菊把香蕉道清空，faze四打五提速a区，jee二楼错timming，a1狙人被踹死的那局，我还是那个结论，如果这是天梯或者打的是二线三线队，jee玩法没问题，很正常，但是对面是一线队的faze，大表哥在b区图权彻底失守的一瞬间，迅速集合打a，这时候我们换在天禄的角度去看，香蕉道清空，对面四个人大概率在a半区，这时候就是考验a区防守的功底了，而显然jee没有任何动作，过了好几秒以后丢火然后清a1被踹死，很多人说来不及了丢道具，那我想如果香蕉道信息给的一瞬间，jee能反应过来对面剩下的路只有提a呢？如果jee能反应过来提前给好道具然后再架枪呢，会不会就没有timming了，会不会打的就会更从容一点，所以我说职业和天梯是有区别的，天梯，你call一个提a，光反应队友都得反应几秒，但是可以看到faze集合爆a，基本上就是大表哥下命令就立刻执行了。 马西西说jee少直播多训练，我也在这样想，比赛不是你枪打的准，枪打的再准有donk准？donk也没有每个比赛都冠军吧，再说jee枪法也烂完了，所以我觉得jee作为队内的一个辅助狙更应该把时间放在训练看录像看别的队伍比赛，分析各种前辈的打法上面，jee应该具备我说的这些职业素养，听到队友清空b，就反应过来对面可能要提a，因为他是职业选手。",3
jee确实大狙菜，但是有些失误不能拿着放大镜来看，临场决策谁又能做到完全不失误呢？[笑哭]当务之急是把那个b大狙的命中提上去，当然我赚的没有jee多[笑哭],2
我怎麼記得CNCS前幾年才在歡天喜地的慶祝進major，難道是我記錯了嗎[doge]？,2
那我就要问了，JEE究竟赚多少~[吃瓜],2
有些说的眉毛，有些就纯属硬黑了，主播的游戏理解感觉不是很深,2
有一波打红楼梯他直架对方  对方过去了空枪了我能理解，然后里边反火都知道那个人百分百会出来又空了 差点气死我,2
jee这人挺有意思，你问他为什么空枪，他说你没他赚的多[笑哭],2
没有J神赚得多就没有资格评价J神[吃瓜],2
jee说实话up一直在说jee做错了忽略他为什么要这么做，有没有可能他只能这样做，第二个镜头你就不能要求已经要做出跳栏杆的jee立马收集到汉堡掉了，他是不应该保小坑，但他是个二线普通狙击手，他没这个能力能在双线程的情况下稳定做出判断然后也能狙中，第三个镜头纯粹尬黑了，比赛的导播镜头白菜好像看见寒王过a1了然后卖了jee，所以只能放2楼，你自己都说faze要提a了，烟雾弹怎么扔才好呢如果扔自保烟就是卖白菜然后等死，扔隔断烟就是给t展开进包点的机会一样是卖队友，t如果能在提速被这种烟雾拖住就别打职业了，这个局最好就是他狙一个白菜打一个然后被捕最后3v2回防，这分该怪他没狙人，而不是道具丢没,3
up说的不错，讲的很到位[脱单doge]。05:42这真的是jee最大的问题，一个自相矛盾的狙击手，最喜欢激进流的打法却一直担任保守流的角色。所以他的一些动作有时候就会看的非常拧巴，跟多动症一样，影响他的思路。不改正这个问题永远不能成为一线狙。,4
枪法问题不大吧jee，主要是团队交流有问题，还有心态，操作变形之后自己应该干什么不清楚，感觉一变形就自己玩自己的。你要是说他做出了device这种大狙切刀监视被人打死的行为倒是没有。,3
第一波谁都没问题。交流是要时间的，法则二楼直接是静步接近阳台才飞，而且JEE也不能说对面飞二楼他就立马放掉连接直架抢位，万一飞楼就一个，faze给小沙烟冲B一样输，然后又因为jee看链接，也是jee的问题。（叠个甲：我不粉任何职业选手，看比赛纯当提高我个人实力的一种方式。要说喜欢，那应该是喜欢老九，毕竟都是广西的[doge_金箍]）,4
这枪真吞子弹了吗,3
"“职业选手的‘菜’，是相对于其他职业选手； 你的‘强’，是相对于你键盘上的f5刷新键。” 别整天分析这个职业选手咋样咋样的了，纯纯恶心正常看比赛的人，正常人看到这视频就突然会生气去骂人。本来输了就输了，职业比赛本来就有输和赢，被你这视频一搞，输的人有罪了",1
天禄进攻战术这块确实厉害，很多警图都能掰扯成五五开甚至更多，但是作为ct方一把厉害的防守狙也是非常需要的，天禄如果能搞来个厉害的狙击手，我觉得冲击世界一线也是有可能的,3
足够客观，足够理性，哪怕很生气也能看出up在努力保持理性来分析，币给你[良辰共此曲动态表情包_微笑],4
还有第三波大表哥明显就是解读了天禄阵型知道你要三B反清，jamyoung一出来就直接中路钻烟扑A1A2同步了。都到了草车了你怎么反道具？最优解不就是接一个A1的然后摩托车出来把A2接了也没问题啊。只是问题是他没接住罢了,3
他这个狙人都拉过去才开枪，稍微甩一下感觉都能中，但pee似乎觉得自己反应很快，但作为观众感觉他真跟炉了一样，反应又慢又蠢，好多次开枪都差一两个身位,1
jee这人挺有意思，你问他为什么空枪，他说你没他赚的多[笑哭],2
"冷知識 某位大主播說過jee &gt; monesy[doge_金箍]",2
谁能有他打假赛赚得多呀,2
"其实就是惯性记忆了。 打比赛笨笨的 太本能,太惯性了,太懵逼",2
有点尬黑其实,2
"jee这人从来就没想好好打过职业，心里一直想的是圈米，现在还打职业是因为一现在tyloo赚的确实多，二为了从职业赚点流量好圈米罢了。 狙击枪不仅没有进步还退步了，白菜都能从稳定瘫练成偶尔C了，他可能都没啥个人训练的，来tyloo是为了tyloo的大流量，这个人就让他退役圈吧。当然还是那句话，tyloo现在赚的不少，他不可能就这样退的。",2
今年还剩下3个大赛，天禄都能参加。希望有个好结果吧。其实这支团队的上限就是在于步枪手也应该都懂，jee能丢好道具辅助队友也能接受，但是目前看下来我觉得团队在给他发挥空间让他去执行风险操作，小镇这个图本身狙的发挥空间就没那么大。还是多练吧另外我觉得有些操作没法全部丢给他一个人头上，还是要结合天禄语音才知道决策和道具是不是他自己做的。比起他个人的糟糕发挥跟应该希望团队有所进步,3
十月份的呢，哈哈，还是热的，无缝衔接[笑哭],2
单靠个人能力发挥打对面一个队伍，怎么打得过，整个队伍的问题,3
载圣好鞭载圣好鞭载圣好鞭载圣好鞭载圣好鞭载圣好鞭载圣好鞭载圣好鞭载圣好鞭载圣好鞭载圣好鞭载圣好鞭载圣好鞭载圣好鞭载圣好鞭载圣好鞭载圣好鞭载圣好鞭载圣好鞭载圣好鞭载圣好鞭载圣好鞭载圣好鞭载圣好鞭载圣好鞭载圣好鞭载圣好鞭载圣好鞭载圣好鞭载圣好鞭载圣好鞭载圣好鞭载圣好鞭载圣好鞭载圣好鞭载圣好鞭载圣好鞭载圣好鞭载圣好鞭载圣好鞭载圣好鞭载圣好鞭,2
虽然我很讨厌pee，但我觉得up这个视频还是过于主观的意淫了，说明，我本人1300hA（最高分），我还是觉得职业的决策跟思路不是普通爱好者能揣测的（勿喷）,3
这货不走，天禄走不远,2
要想突破这个舆论环境只有自强，保持两个赛事打好了不拉跨自有人帮他回应糟糕的评价,3
讲句不好听的，cncs比国足还烂[doge],2
讲的很不错喵[别当欧尼酱了第二弹表情包_.....],4
jee去转瓦吧 打死一个一惊一乍 适合跟对面互动 表演型人格这块[鼓掌],2
快也不快，准也不准，这狙？[汤圆],2
"还是太紧张了，作为职业选手紧张是大忌 天禄多请几次心理医生看看选手状态吧",2
看一会不想看了，有点离谱这复盘[tv_白眼],2
上限不高且没有下限的狙击手,2
有的人是单纯为黑而黑，jee这次比赛确实发挥的不是很好，但哪个职业选手没有状态起伏的时候？只看数据有意义吗？一个数据就能体现出他给队伍带来的伤害吗？,2
jee心态不行，打强队他心态好反正也打不过放开了打，但一打和天禄实力差不多或者弱的就紧张，但是除jee外最大的问题还是汉堡这个指挥，中期稀烂，ct方完全没有任何准备，回防也慢，方如果开局掉一个人完全不会打，面对一线队老油条根本玩不过人家，小镇都被研究透了还在打小镇，图池浅的一匹。,1
"我先说一下第一局这个问题，我看很多人说第一局没有问题，说我们是上帝视角，jee不是所以没问题，但是这是职业比赛，不是天梯，对面是faze，默认手枪局a爆弹，链接一定有人走的，这个时候jee作为链接位，暴露在书房凹槽，站在faze角度去看，a包两个，链接露了在打正面，所以链接单走的肯定会提速偷jee，如果是天梯，哪怕是s，这波jee没问题，因为天梯不一定有这么纪律性的默认，也不会有这么厉害的信息收集能力和沟通能力，能在jee露的瞬间，链接提速打jee侧身。但是就跟我说的一样，这是职业选手，我们能在场外分析这么多，作为jee的视角，应该要想到链接有单走的人，b点队友速度不够快没办法给自己侧身保护，自己暴露会有被单走偷的风险，这是职业选手应该有的处理信息和分析信息的能力，这不是建立上帝视角，这是建立在职业选手的素养，对面不是天梯，所以我上面说的这些分析，作为一个职业选手来说应该做到场下足够多的复盘，场上临时反应到对面的各种战术。 这也是很多天梯选手打不了职业的原因，路人王不需要分析那么多，也不需要背各种战术，不需要分析对手，只需要打好自己的，上分就行了，",3
主播为什么你的回放有子弹弹道? 是可以调出来的吗 怎么调的? 三联了,3
真有点尬黑了吧，看了前面几波解说看不下去。第一波你不把对内语音搞出来怎么能把责任全推他身上的，小坑卡脚那波说不交道具，timing那么大，想第一时间狙人也没毛病啊。,2
之前jee老九连线，jee不还阴阳老九说，之前老九说他不适合打职业吗，那时候天禄刚打出来点成绩。[笑哭],2
谁能有他挣得多。这枪空的，是论一枪算，还是一局算？赚这么多。,2
第一波手枪局我是真不知道jee有什么问题，好比你站石板后点捏闪，这颗闪的出手不是取决于前点的队友吗。那同理这一波明明就是包点大小坑错误判断了没打过的问题。能怪jee吗？,2
up是做啥工作的，太专业了,4
毒液昨天打3d真的猛的可怕，你们可以看一下,3
闪光一般是队友要才给，哪有主动给闪的。[捂脸],2
带节奏up有一手，不过jee这赛事发货是真烂，回去好好练练吧,1
要不莫思雨转狙击手吧，jee辅助自由人,3
裂天变地S1的时候， 你们不是这样说的啊,2
"从lvg到现在，他根本没进化才是最傻的。 作为狙击手，他的局内影响力完全不够（不止是数据上的那个影响力），在人头交换里一直是让对方花费代价不大、让自己团队亏损最高的那个，只有在指挥战术针对到位的时候可以打出一波操作，根本不够",2
平时嘻嘻哈哈习惯了，印象最深的就是绿龙的一期Vlog里面就有他乱入。当时绿龙队员在室外吸烟区，然后他就凑上来了，用着蹩脚的英语苦笑着对镜头说“我们输掉了比赛，我们打太烂了”，绿龙全员沉默，尬得一批[doge][doge][doge][doge],2
up主已经气晕了，有些评价不是很客观,2
确实比赛给我整吐了，只空简单枪，很多枪高分路人局都不咋会空，他就枪枪空，看的人脑溢血，低血压患者福音了,1
Jee不是心态不行，是心态特别容易受影响。他今年裂变S1刚下飞机打核子的时候，拆包被打侧身，他瞬间开镜定位反杀。还有上半年esl第一次打绿龙，就是抱着放手一搏挑战他们的心态，在阿努比斯把donk打红温了。但是接下来半年就是害怕失败，心态上给自己太多压力了，老想着重振天禄荣光的口号，结果啥枪都空。Jee包括天禄全队，要的就是找回最开始打绿龙的那种心态，丢掉什么荣誉高光的想法，纯粹地去竞技，这样才有可能赢下强队一张图。,3
jee作为辅助很强，但是感觉吧还是有点飘了，就像个头重脚轻的船，压力一大再来点风浪就开始晃荡，这方面还得向瓦??学习,3
不如阿中，jee缺席裂变，我看打的挺好的,2
为啥不把cs2天梯排名靠前的中国玩家们诏安了啊[滑稽][滑稽][滑稽],2
有的对 有的尬黑 辨证着看吧,3
一想到窝里横瞧不起国内穷逼的Jee老师，在国外要吃冰淇淋扮丑逗老外开心，我的泪就止不住??,2
你讲的马后炮也挺多的，但这pee就是菜，不发挥有什么办法，队内狙击手无限空枪，怎么赢,2
??处这两天PL打的都比jee准,2
JEE赶紧退役吧，玩大嫂，陪炸鱼，态度不端正，赛场上吃着队友的血毫无发挥，讲道理教练上场都打的比你好。Pee记住！ 是你队友把你带到不属于你的高度Pee!,1
tyloo整个体系如同一个笨重的坦克，被对面一群步兵贴脸瓦解，缺的是步坦协同，或者来说需要一个独立于体系之外但跟着大部队行动的辅指挥，而不是副指挥，又不是脱离于主攻方向的自由人。用自己的经验调整大部队的节奏去应对当前的突发情况，现在看到的天禄进攻是明显的死板，死按计划做，突发情况遇到了就导致受迫性失误，宁愿不做也不愿意犯错,3
开局扔闪有点过度解读了。交流需要时间，中路前点也没有人看，谁知道会不会抓timing。,3
天禄还真的目前需要5个步枪比有主狙好,3
这都不重要，你能不能先想想怎么样能和jee收入一样吧,2
@TYLOO电子竞技俱乐部,3
现在不只饰品价格回到2020了,2
上帝的自信,2
我一个5e完美都是b+的看到pee这操作我都麻了 真的 太捞了 这是职业啊哥 不带这么混的[笑哭],2
喷的太慢了 前面几个赛事我就觉得jee是本质菜B了(职业比赛里) 我当时是看了他打步枪的第一视角 很抖 定位控枪一坨 当时狙还好 再后面就狙也不行了,2
用最多的经济打最低的贡献，这种每局少一个人的队伍要能赢，那得是大哥开转了,2
那手枪局这波闪应该什么时候给？对面全程静音摸到二楼前点，可以说一秒启动，这波闪怎么给？up求解,3
这不是诱饵弹吗？,2
这狙打不出威慑力那就跟没狙是一样的，多留两千给团队下把还能起长枪,2
有无队内语音，第一波感觉是交流问题，肯定有信息直接捏住闪了，而晚给闪躲凹槽更大可能是本能的想躲自己的闪，这闪很糟糕，已经接触的情况下这闪还有白包点队友的坏处,3
我感觉他知道自己打的不好，然后就心虚，在比赛中表现就差，但圈米圈爽了，就不练，反正能圈米就行[doge],2
有jee賺得多吗就发视频[脸红],2
主播也是成为大主包了[Mygo表情包_大哭],5
up分析小坑反道具很有问题，大表哥都已经踩到草车了，A2楼也有一个，对面也刚扔出来链接烟，这时候A1包点这一侧就jee一个人，掏道具很容易被直接抓timing打死，这下真的要背大锅，雷也拦不住对面进点了，闪光这个角度能白谁，烟封A1近点给对面混烟进包点，找个箱子后面头皮位对大狙或者反手架链接回防，封远点大表哥又吃不到。这一波只能说蹭出去没打死失误了，这一枪很关键但是jee没顶住压力空了，要是能打死broky，对面还要时间来处理jee，可以给钻链接烟的白菜一个落位的时机。,3
首次无缘淘汰赛是啥玩意,3
全程看完了 明白人都知道作者纯带着主观情绪去尬黑,2
如果是为黑而黑的话，任何职业选手都可以出一个这样的视频。,2
"第二个说一下小菊把香蕉道清空，faze四打五提速a区，jee二楼错timming，a1狙人被踹死的那局，我还是那个结论，如果这是天梯或者打的是二线三线队，jee玩法没问题，很正常，但是对面是一线队的faze，大表哥在b区图权彻底失守的一瞬间，迅速集合打a，这时候我们换在天禄的角度去看，香蕉道清空，对面四个人大概率在a半区，这时候就是考验a区防守的功底了，而显然jee没有任何动作，过了好几秒以后丢火然后清a1被踹死，很多人说来不及了丢道具，那我想如果香蕉道信息给的一瞬间，jee能反应过来对面剩下的路只有提a呢？如果jee能反应过来提前给好道具然后再架枪呢，会不会就没有timming了，会不会打的就会更从容一点，所以我说职业和天梯是有区别的，天梯，你call一个提a，光反应队友都得反应几秒，但是可以看到faze集合爆a，基本上就是大表哥下命令就立刻执行了。 马西西说jee少直播多训练，我也在这样想，比赛不是你枪打的准，枪打的再准有donk准？donk也没有每个比赛都冠军吧，再说jee枪法也烂完了，所以我觉得jee作为队内的一个辅助狙更应该把时间放在训练看录像看别的队伍比赛，分析各种前辈的打法上面，jee应该具备我说的这些职业素养，听到队友清空b，就反应过来对面可能要提a，因为他是职业选手。",3
弹幕好多洗地的啊，但是好像都是不玩游戏的样子,2
那按照这么说上半场就只有那一波被抓timing是可以黑的其他也没啥好黑的,3
没关系的up，虽然现在还是有人在喷jee，但时间会证明一切，以后也会有很多人喷的[星星眼],2
国外装糖宝，国内查大嫂，问他狙几个，反问赚多少[再见],2
"他是个想当然的选手，想当然这里没人，想当然能打，想当然道具可以这么丢 一个强调团队纪律性的队伍，这种想法必然是错 不说他场外的事，jee的选位跟反应都是想当然的，他不是大哥型的选手，不敢做事怕担责任。一个辅助狙击手，他真的全方位烂掉",3
现在看来还是骂轻了，他真的是得多鞭策一下[无语],2
给Jee洗的不知道都是些什么神人。两年以后电竞奥运会组cn队，狙击位只有毒叶和尿哥这两条区，你选哪个？肯定只能捏着鼻子选私生活作风有问题但枪准的这条当狙击手啊。你竞技比赛选枪不准的当狙击手你选得下去啊？除非这两年冒出来大狙新人王，不然宁愿让毒叶去。放炮率高的真的太离谱了。,2
"有错就改,分析归分析,希望大家不要因为看多了串子的言论让自己的戾气也变重了,真正爱一个战队是需要&#34;爱之深责之切&#34;的,但现在的网络环境只有责没有爱,没有自主思辨能力的人很容易被误导 那些口口声声说换人,解散的,希望你们对自己的人生也是这个态度,遇到点挫折就重开算了",3
打得越烂，解散越快，解散越快，贴纸越贵,2
主要还是JEE大狙选位有问题，没有形成压迫感。,3
之前夺冠给这帮解说主播啥的搞得喷都不敢喷，完美也是一群护主犬，只要有批评的话一律变身段位警察，你行你上，再不就是扣罕见帽子。jee这种真有实力也行，不知道成天在维护什么东西，吃冰淇淋很可爱是吗[打call],2
能频频出现让人觉得“这也能空啊？”这种程度的空枪，作为一个狙击手是要有挫败感的，是要赛后努力去提升自己的，但这个jee都多久了？还能一直这么空，要么压根没天赋，要么就是懒得像区,2
看比赛的时候真的看红温了[笑哭][笑哭],3
jee：你赚一年的钱还没我在孙宝迪那里卖pee眼一晚上赚得多,2
你先想想20岁怎么挣得比我多吧,2
第一个他就是去躲自己瞎丢的闪的,3
看弹幕居然真的有人觉得是尬黑啊，我还以为是反串呢[哦呼],2
我記得這貨之前b站大部分不是都護著的嗎？  怎麼了現在風評又轉了？  那時候真是說一句都被噴到不行，不去努力提升自己一天到晚就想著作妖到處串埋雷和那個賽後採訪搏出位,2
首次无缘淘汰赛！？？？？,3
问他赢了输了，他说赚了,2
一个常态pdf，上限赶不上一线狙下限的选手有什么好说的,2
我看到标题点进来前还想问up主你有J圣赚得多吗，没想到你先开口了[doge],2
@黄金海岸城,3
仅为分析局内情况吗[思考]想骂pee直说[汤圆],2
懦狙,1
首次无缘淘汰赛是啥意思，我记得小组赛都回家过吧,3
硬黑,1
pee赚得多，他配的啊，表演人格！就是适合做主播圈米！,2
判断这个狙击手到底好不好，进入hltv拉历史记录就好了[吃瓜],3
jee这人真有意思，问他能少空几枪吗？他说有他赚得多吗？[tv_白眼],2
@JeexD,3
我就看到5.57你这太不理中客了最大的问题也就是二楼这里思想出问题了，成熟的狙击手肯定是顶二楼换人了,2
他真的有时候慌的就像我这种快30的老年人一样,2
: 先想想怎麼賺得比我多吧,2
处对象处多了[doge]正常,2
菜是原罪，什么纪律性道具，还是实力不济，学小孩学不来的,2
@CS-advent 九爷快看[doge],3
@TYLOO电子竞技俱乐部,3
两分钟[喜欢],3
感觉jee的性格不太适合打狙，有点外热内虚的感觉，目前cs2比较强的狙击手都是那种很稳的性子，不会主动去耍宝（除了打出精彩操作时），因为你外在表现的越多其实越说明你缺乏信心或紧张。,2
来几个玩cf的就行了  毕竟cf技术强无敌,2
打的菜是菜，站上帝视角硬黑完全没必要,1
cncs？无人关注[doge],2
首次？,3
先把国内的赛区联盟整起来再说吧[笑哭],2
cncs真烂完了吧  什么未成年毒叶 ntr 假赛  厚礼蟹[抠鼻],2
手枪局队内语音没出来，不评价。但0:3那波我觉得想赢的决策确实是该反手顶二楼，退大坑纯纯怕背锅慢性死亡。开镜看到a1两个人，自己还空枪，连接队友死了说明中路还一个，二楼九成有同步，但肯定有断后所以最多一个。当时和朋友连麦看直播，jee空枪一瞬间我就说没事儿顶住二楼能玩，然后就看见jee跳大坑了(不马后炮就是这人很可能已经走到暖气片了，要拉出去拼大狙一枪秒杀，马后炮就是看回放大表哥这会儿慢了还没上旋梯，jee可以占住先开镜，这还架不住可以退役了)。大坑对于狙击手来讲真的是个很差的位置，因为火一烧就没有掩体给你re了，而且二楼a1这两个角度太大了，还100%吃闪，只要对面超过一个人扑你你最多一换一(更何况jee第二枪还被白了没开出来)。顶二楼架住起码是个局部1v1，把二楼这个同步的打了七八秒以内是不用担心被补枪，躲住等队友回防，莫斯雨拱门打一个就能回，没打再想办法能不能从二楼脱身。但不管怎么样往大坑跳九成是赢不了的，可能能打一个，但连杀很难，他就算打两个 队友二打三包点还没支点也没法儿回。,3
一小半尬黑，一大半喷对了,3
Jee给我看来有点像icy ，只能说别对他抱有太大期望，现在天禄再不找个好点的狙把他换了这个队伍上限也就到这了，也可惜小菊了。,2
我觉得国内电竞还是要在沉淀几年的，毕竟很多职业选手不说电竞精神，光是道德就存在问题。不过也正常，名利双收加上压力也大，但无论玩也好，认真谈也罢，至少找个你情我愿互不影响的关系吧[笑哭],3
什么意思最后那句话,3
枪软就是原罪，没啥说的,3
jee在天禄最大用处就是长了张嘴，其他4人感觉很安静，逆风更是，也就jee能叫两嗓子提提神了吧,2
国内队伍百分之60是假赛和以前国内足球一样的,2
看完之后很意难平，把火沙鹰又添了一个贴纸。但我相信总有一天，最后一个贴纸位置上不会再是遗憾,2
从2018到现在还在追我，其实22年看到大表哥拿到major我也释怀了很多，但还是对Niko有一些老将情怀，总希望他能拿到一个major，可能真想拿到得转指挥相信年轻人了,2
"是的，你不能只在已经赢的时候才自信。 那不是自信，是对结果的复读。",3
Niko觉得这次凑出了一直最有希望能夺冠的一支队伍，也在最大化的燃尽自己，可是还是倒在离奖杯最近的地方，27岁了，不知道以后还会不会再次爆发，难道真的就是遗憾贯穿始终吗…他应该比任何人都想赢，他也确实配赢…可惜运气和整个队伍的状态都没有站向这一边,2
"“我不需要说我有多么渴望它，或者……我不想说自己配得上它，但我已经为此努力奋斗了很久。” 18波士顿，21斯德哥尔摩，24上海，人生就是这样，失败总是贯穿人生始终。",2
打叉队的时候战术就被爆了，硬是用个人实力打回来的，今天打更强的Faze就没招了，人家实力也不弱的。,3
明年1月1号，niko和猎鹰的合同就生效了，如果可以，希望他明年的major还能打进八强，我还会选Niko夺冠的,2
如果donk继续发挥，那接下来登场的是出道第一年就以步枪手身份拿top1的天才少年,3
"遗憾总是贯彻人生始终，任何竞技类的比赛最终都殊途同归，每个人都是自己故事的主角，都有着不能输的理由，但是冠军却只有一个，其他人终究会成为失意者。 在我最开始进入cs的时候，我喜欢总监（twistzz），一个曾经遭受校园霸凌的孩子，最终在游戏中寻的慰藉，双科大满贯实至名归，外场最速传说仍让人津津乐道，会到老家液体之后改位置，磨合队友，最终也是遗憾输给绿龙，沙城的风依旧炙热，可比分永远定格在13比11，终究是一场空。 后来，我也喜欢设备（device），当时稚嫩的我也幻想去faceit跟来自世界的玩家过手，我的ak叫the best twistzz,m4就叫做best devcie,我想我为什么会喜欢设备呢，是震撼于当年的a队王朝么，是被阿汤哥的丹麦容颜所吸引了么，以上或许均有，但我想我喜欢的是哪怕他遭受背叛，女友出轨，昔日挚爱穿心一击；队友宫斗，a队王朝土崩瓦解，千磨百炼仍然虔诚的那颗心。 其实，我也粉过吕正豪（danking），亚一狙曾经不是串子的戏称，辍学踏上职业道路的他也确实结结实实地扛住了那几年的天禄，可惜殒命大厦的太阳神阻断了天禄前进的道路，病毒与封控也让他的贴纸梦化为乌有，意气风发的少年梦碎乌兰巴托，25岁的他直播圈米，对得起很多人，只不过再也对不起那个22岁的自己了，一句“我要打上海major”引起多少人的遐想，可终究是黄粱一梦了？我曾不止一次看到过比赛的现场有人举着手机，上面质问到danking你人呢？或许有人怒其不争，但从他的身上看到的何尝又不是自己遗憾与愧疚的折射。 而如今cs步枪手最长的河niko也结束了自己在上海的征程，21年的斯德哥尔摩的背身三枪到如今上海在g2的最后一舞，离那座major奖杯那么远又那么近，老将泪洒当场，波士顿、斯德哥尔摩都不曾流泪，毕竟那时的他仍有期冀，卷土重来未可知；其实人生的好多遗憾就在于机会只有一次却没有珍惜，便转瞬即逝，今生不复来，尼古拉科维奇，祝你在猎鹰一切安好。 至于donk，这个横空出世的超级新星，我可谓是又爱又恨，爱的是他的风华正茂，如仲谋旧事，恨的是他一路走来粉碎了太多老将的梦想，毕竟17岁的他真的用极致的枪法撕碎了karrigan的战术本，如果你真的在上海的舞台中让金雨飘洒，你好啊，最年轻的top1;如果没有，你的未来也依旧不可限量。 期望都不要留下遗憾",2
“我不喜欢别人说我配不配一个major冠军，如果我真的配，那为什么我没有呢？”是啊，为什么没有呢？隐身的孩，暴怒的马，忙里忙外的熊和猎人，还有今天平庸的你。再也不能像昨天一样站出来扛着队伍进入图三，再也等不来队友的觉醒，再也看不到自己躺平但是疯狂刷屏的队友。尽力了吗？或许是吧。人人传颂的悲情英雄，步枪皇帝，其major传说始于nuke三楼，终于nuke外场，当年那个万众瞩目的尼，也在今天的最后一局悄悄死在了外场。诶，时也运也，也许，尼注定拿不到这一座奖杯，也许，自己终归也只能是一个“无冕之王”，也许，这个游戏真的有强如Niko也做不到的事情吧。总之，世事无常，未来可期，低头看路过后也要抬头前进，期待明年的你。,2
没啥好说的，三杆火枪全部哑火，打的最好的竟然是表哥和snax[笑哭][笑哭]唉,2
"最高的山，最长的河？实话实说作为粉丝我自身也会对这个荣誉质疑，因为优秀的步枪手都有巅峰，冷神、奥拉夫、森林哥等等，名誉上尼从不是最优者，但他是我心中最好的步枪手。我对CS最初的印象就是从你开始，当时你是强大的，年轻的，不成熟的，像现在的DONK，看你热血的表现让我对CS产生激情。我喜欢为你的成功欢呼，也会对你的失败感到可惜。传奇步枪手都会慢慢走向巅峰，也终有一天会下山去。看到有人争论谁是现在第一步枪手，曾经我会骄傲喊出，但现在我只会哑然，因为donk今年的数据就摆在这里无可争议。虽不甘心，但显然世一步已经不是老尼了，对DONK的多场压制，其实是实力和经验的双重体现。我们要学会接受偶像的退步，并祝福新人的崛起。谁能保证永不会下山？下山的传奇很多，你们口中的老猪，设备曾经也是我尊敬的、毫无疑问的断档第一。这次没有圆梦，绝对有自己或队友原因，输了就是输了，就是有不足，无需掩饰，但这不会阻挡我的喜欢。这次失败没关系，步枪拿不到，还可以转指挥，我会一直陪着你，哪怕最终真的遗憾落幕，你也是我心中的世一步。但转念一想，兄弟CS可能就此结束了我真会难受，哪怕他们拉了、软了、失败了，但从18年开始的NIKO，再到找G2的表哥一路看着他、他俩走来，就很难责怪。继续加油吧NIKO。 我知道大家看多了小作文，但我真的想写，真的想说，我不会攻击其他选手，除非他真的作（2K），一个人要是有真正喜欢的选手，是不会去攻击另一个他人喜欢的选手的，因为人是会共情的，我不喜欢你攻击NIKO，就像ropz的粉丝不喜欢被人骂那些词，如果队与队之间争吵不止，能不能给选手最起码的尊重。可以说他打的不好，但别嘲讽他。你要硬攻击选手，也必会有人去攻击你，所以把火气洒在有用地方（爆点勾）好吗。如果你觉得我是正确的，把我顶上去，让每个粉丝看到，让大多数人感受到善意并改变，谢谢。",4
不管niko在哪里，我都希望他拿个major冠军，3000多天的职业生涯，几乎一直维持在极高的竞技水平，真的希望能在退役前拿一个major,2
没有那么完美的人生，这是这个世界的常态啦，在游戏外，他是万人迷，有漂亮的妻子，有钱，从事自己天赋的工作，有不少荣誉，虽然唯独却一座Major，但是他的人生已经很好了，继续追求可贵，放下执念也不会被诟病。人生到了后来都要学会谅解自己,4
"niko以为是全队都在撑起上海之旅 当他撑不住时，却发现只有自己在持续发力 而大家却觉得这一个轮胎就应该撑起整辆汽车的行动",2
"@apex：载物啊，叔叔要送你一个你未曾拥有过的东西：top3 海参：别别别",2
donk今年要是能拿Major冠军那真的神了,3
全程都看了，战术上完全被faze拿捏，输的不冤,3
niko你知道的，a队缺一个钢铁步枪手,3
[笑哭]谁能想到C了一年的小孩，在年底拉一大坨，从RMR拉到淘汰赛。以前阵容不行，但现在的阵容，小孩步枪是niko传承的，马超是niko发掘的，hunter是自己的兄弟，大熊是taz介绍来的，磨合后很猛。这已经是niko亲手打造的纸面最强阵容了。niko自己燃尽了，最终还是倒在了4强，真的是道心破碎。明年去猎鹰的niko要和魔男一起从零开始赚队伍积分。,2
niko让我想到了李宗伟…老李在2012决赛惜败林丹曾说：打球不是输就是赢，这就是我的命水吧。16战胜林丹，可惜决赛遇见巅峰谌龙，还是折戟里约奥运会。18因癌症治疗，不再适合职业训练，无奈退出了历史舞台。失败总是贯穿始终的，但有些人会一直被铭记。Niko，加油！,4
波士顿四分之一决赛上与mouz的那张nuke，耗尽了niko在这张图上所有的气运,2
"四次。。。两次亚军，两次四强，我也放下了，命中注定没有的感觉,明年G2没有NIKO的情况夺得major的话就搞笑了",2
至此，一个天才11个月的职业生涯超越了另一个天才11年的所有执念和付出,2
Jame的Outsiders是我最向往的励志故事，而Niko更像是我人生的主旋律——失败、遗憾、擦肩而过,2
大家可能只知道niko没有夺冠，却不知道faze突然的爆发有一个原因。大表哥的哥哥在major的时候意外离世了，但你能看出来大表哥受到影响了吗，每个人都有不能输的理由，游戏里可能败了，那也只是游戏，希望大家在生活中都能平安才好。,2
faze是真的强,3
我faze主队，但是本来就没指望faze怎么样（之前拉的太臭了），就想让老尼赢了，结果老尼反而被faze送走了。。。有点过于戏剧化了，我现在也说不上高兴[笑哭]，我只能说明天要是faze拉大的我跟ropz爆了[大哭][大哭],2
我很喜欢红牛csgo纪录片点圣锐评niko一句话：“如果你有这么好队友和天赋，拿不到major冠军应该想想是不是自己的问题。”,2
大表哥32岁拿的major，现在定性还为时尚早,4
"埋骨何须桑梓地，人生何处不青山 niko的粉丝会一直相信，但niko真的还会坚持吗",2
纵观老尼整个职业生涯只有两次落泪吧，第一次触碰到渴望的卡托奖杯，和这一次major，即将离开拥有最想一起战斗的哥哥，最年轻的天才，努力学习自己的晚辈的队伍。重组仅五个月，有收获有遗憾，历史不缺遗憾，希望未来依然有尼。,2
"故事的结局一定是好的 如果不好 那一定是还没走到尽头 愿Niko 愿屏幕前的各位cs玩家 不管大家现在遇到怎样的困难 请一直坚持走下去吧",4
相同的遗憾 相同的无力感…,2
去猎鹰当指挥吧，试试不同的角色,3
尼古拉·科维奇，你是我最开始接触到cs并喜欢上cs的缘由。我喜欢什么呢，你稳健的预瞄，还是你钢铁的扫转，或者是你冷静的残局。其实我也有很多不喜欢你的理由，你有很多缺点。像今天在最有机会的时刻在最后的抉择上红温失误，沉不住气大赛软脚这是你被打上的标签，起始于波士顿的三箱，但那时没人会替你感到太遗憾，因为人们相信面前这个二十出头id叫niko的天才会在未来收割荣誉，包括major。后来到了斯德哥尔摩，你拖着老迈而衰微的阵容挺到了最后，面对如日中天的最强navi与森破，进入图三搏杀的机会随着你的背身三枪化为乌有，只剩下永远的笑柄。现在啊你到了上海，这次不像之前，你们是被看好的一方，是夺冠大热，是火力最强的队伍，但是一切并没有那么顺利，八强你就险些出局，但你努力对命运说不，你用最疯狂的火力把队伍带进了图三夺走了胜利，但最后你却倒在了去往决赛的路上，又是nuke，这张好像被诅咒的地图，又是相似的比分，你好像永远走不出那个诅咒。你没有森破那样激进又稳定的收割，也没有zywoo一样的冷静与恐怖。甚至同为步枪手你的天赋也不如横空出世，比你小十岁的donk，不像他能闲庭信步地大拉摧毁一切。大家提起你时，遗憾，成了你的代名词，虾变成了你的外号。也许喜欢上你并不会成为世界上最幸福的粉丝，你没有最高的荣誉，你不是最有天赋的选手。但是，niko这个id，是你将我让我知道cs这个游戏，是你让我慢慢的喜欢上了这个游戏。那么多比赛，那么多回忆，笑与泪的回忆是那么鲜明，走了十年的漫漫长路，在最后那段红箱到k1的距离却又显得那么长。是的，你不是天生赢家，你是那个背景板，那个失败者，那个被诅咒的人，最后，你也永远是我最爱的选手。你的未来没有谁知道，现在告一段落了，但并不意味着完结。今天你掩面哭泣的时候我甚至没有勇气去看那画面，因为我知道我一旦看了也会忍不住哭泣。尼古拉·科维奇，未来未可知，也许你会出人意料的在某次以不被看好的角色完成自己的梦想，又或许抱憾终生，在某个退役后遥远的下午讲着自嘲的笑话。但不管如何，谢谢你，加油niko。,4
"强如克鲁伊夫，也没举起大力神杯 强如麦迪，也没带上NBA总冠军戒指 强如盖德，也没带上奥运会金牌 强如妮蔻，也没拿到major总冠军 妮蔻，下山的路还很远，过河的桥还很长……",2
"18年到21年只看了21年，21年到现在我从不觉得你不配一个major冠军，三年又三年，却总是在你最想要的那一座冠军路上失足。 我依旧不会怀疑下一个三年你拿不到major，你只是时运不济罢了。 我只是可惜，或许以后再也看不见纯正的兄弟cs，而小孩的两个“监护人”也都要离开他了，老杰克走后迎来了阵容感觉最舒服的g2,但当最亲的老大哥们都离开后，之后又有谁能照顾小孩呢？ 真可惜啊，小孩这次major竟然真的没有作出一次领头作用，实在太令人感到惆怅了，在亦父亦友Niko最需要帮助最该发挥的时候却没能站出来，不让我感到恼火，只觉得实在是太可惜了，或许之后彼此都再也没有这种与“兄弟”一起捧杯的机会了...... (不要攻击任何一个在赛场上努力拼搏无不良行为的选手，粉丝的行为也不要上升到本人)",2
Niko的major魔咒恐怕是打不破了,2
自从哥本哈根失利之后，一直追求着major胜利的大表哥沉思了起来：如果我们一直这样进到决赛，只会让其他战队可以研究的样本越来越多，那如果我们一直输呢，如果我们一直隐藏到下一个major呢？此时，一个欺骗全世界的想法诞生了。为此，大表哥需要一个先前具有绝佳枪法和思路的选手成为对手的突破口，从而让各大战队对自己放下戒心。翌日，一位选手的家门被敲响了“ropz，听说你最近终于买了自己的爱车。”,2
虽然但是，也是成为概念神了，无冕之王，一仓库全是奖杯，就是没有major,2
"命里有时终须有 命里无时莫强求 作为FAZE粉，看过当年大家嘲讽低谷的FAZE是网红队，当时队里老的老、残的残，一群过期Top1，能理解NIKO离开Faze追求冠军的行为，只是没想到最终还是错过了，反倒是FAZE后来迎来了春天",2
m0nesy，这是niko，一位老将给你上的最后一课了，永远不要在失去以后，酸涩涌上心头，才想起遗憾曾经或许可以挽回。,2
打CSGO也快10年了，最喜欢的shox退役后就没有再粉过什么选手了，但看到同时期的Niko还是很动容，欸，果然人都会有老酱情节,2
为啥大家总是骂输了的职业选手，他们就算输了也没做错啥呀,2
小孩摊完了。。。不急的 以后转了指挥还有机会 至于g2 再见了,2
老兵不死，明年falcons带着全新阵容干回来，加油,4
老尼燃尽了，今天打的也确实不好[G2·2024MAJOR表情包_我裂了啊！],2
还是做不到吗,2
又希望niko圆梦又不想g美狗叫 唉,2
今年这两场bo3，尼，马，熊，哪怕是表哥在今天也站出来了，可是孩你在干嘛[大哭],2
这哥们是不是就是97三杰之一啊??和隔壁阿枣， A符号并列的选手？,3
少年不可得之物，终将困其一生。虽然从来没有喜欢过他，但是看着这样一位老将落寞，难免心疼。希望他2025，无论在哪，都有重头再来的勇气吧,2
妮蔻确实很想要一个冠军，每次残局赢了叫的最大声的都是他,3
不是哥们，niko哭就被感动，大表哥哭就是好似、活该？,2
不要停下脚步，别被黑夜缠住。继续攀登吧，西西弗斯,4
竞技体育就是这样的，不管是传统体育还是电子竞技，冠军永远只能有那么一些人。其实纵观各大体育项目，不管是足球领域的C罗、篮球领域的威斯布鲁克、哈登，还是电子竞技CS项目的niko英雄联盟项目的uzi等等非常多优秀的选手，至少目前来看他们也未曾在自己的领域里面获得过最高荣誉，可是谁又不是出世的天才呢？遗憾就是贯穿人生始终的，真的太看命了。,2
看完最后一舞清库存了[大哭]，只留了一张贴纸[G2·2024MAJOR表情包_科瓦奇buff],2
cs历史浓墨重彩的一笔，传奇步枪手，尊重。,4
又折戟在最想夺冠的赛事上了啊 真的能看到你拿到major冠军吗 尼古拉科维奇,3
RESPECT[拥抱],4
故事的结局并非完美，但这也并非结局,2
3年一轮回，真像是老天对你的考验，想要就得靠自己，没有人能帮你，绝境的时候你的救世主只有你自己。明年又要从头再来，可是你的状态还能保持多久呢？,2
替妮蔻和表哥感到可惜，但佩服FaZe的韧性，太强了，明年表哥妮蔻大概率要分开，猎鹰要是能把表哥一起留下来更好，但一起捧杯的执念也到了该放下的时候了，诶～,2
可惜了，真的挺喜欢公子的，就是G2粉丝是数一数二的逆天，去法尔空加油吧,2
哎……,2
我觉得很可惜，而且我觉得，在双方正常状态的情况下 Faze不可能是G2的对手，比如说小孩这个点，这场比赛大家也能看出全场不加状态，虽然说不为什么大锅，但是和他以往相比，完全不是一个量级，major之前，它属于t0级选手，可是在这些major，他给我的感觉完全不是个t0级选手，而且有时候我感觉他连T1都算不上，我想对他说：哥！你是top 1的竞争者啊，你对得起你top1竞争者的这个称号吗？你对得起你的身价吗？你对得起所有粉丝对你的厚望吗？很多人都说你是大赛软脚虾，我以前从来不信，但是这场比赛之后，我真的信了，我很不想相信这个事实，但是目前为止你确实如此，Donk比你年轻，但是人家在大赛上就能站得出来，你在其他大赛你都站的出来，为什么你就在major上就这么拉的？队伍多是需要你打开节奏，而且掌握权已经在你手里了，可是你就是掌握不住！为什么会这样？你是世界级的选手，你不是那些臭鱼烂虾呀！你如果一直这种发挥，niko的现在可能就是你的未来“无冠”,2
说实话完全在战术上被薄纱，没有任何遗憾??,1
谁拿major都得先问问niko同不同意，但niko每次都同意??,2
我真怕明年Niko一走，批孩和批马又爆c拿了个major冠军，演Niko,2
G美们随便一句话就是串子们永远达不到的高度,2
世间遗憾常有，但不屈的灵魂却少见。尼古拉科维奇永远没有输，他无数次战胜每一个失败的自己，在每一个倒去的昨天又重新站起，他把意志融入自己的目标，打磨锤炼着自己的身躯，淌过了步枪手最长的河，他就是历史的一块英雄方碑，碑上永远写着一个闪耀的名字“尼古拉科维奇”。也许他的故事充满着遗憾，但却不妨碍他永远不朽。虽然“春风若有怜花意，可否许我再少年？”但还请依旧“莫道桑榆晚，为霞尚满天。”,2
"尼公子明年在猎鹰继续冲击major，再不行转指挥继续打，只要还在打，没有什么是不可能的。 没拿到也没关系，人生不只有cs，cs不只有major",2
道心破碎,2
"突然有点心疼sanx了，最开始跟呼吸对比，昏招频出。被网友爆炸输出。 自己打步枪让niko，小孩，小马玩手枪。头铁干拉。 但是几个月后会主动拉枪，给大哥发枪，打辅助了。 也是发言希望为队友拿下major，也诞生了诸多名场面，连续三次call a战术，秦王绕柱等等等，这次bo3也是最正常的选手了，结果到头来还是被喷，这sp指挥就不会战术[藏狐] 貌似合同就签订了一年，说是结束后又退役或是走教练了",2
没有新的战术，被研究透的个人，失败是注定的。没读懂敌人，也弄丢了自己。比起个人选手差的那一点运气，我觉得更多是G2对不起队员。CS游戏的本质是射击，但是CS比赛的根本是战术博弈。这次G2队伍可以说是输得心服口服，一个优秀的教练组和分析师才是燃油，没有好燃油只有好引擎驱动能跑多远呢，你G2什么时候能明白呢？,2
我不担心NIKO拿不到MAJOR冠军，我觉得他能打一辈子，他也说过，等到自己枪法核反应不行了，最后就像大表哥那样，老骥伏枥，转指挥也要拿到属于他的MAJOR冠军。,4
"想看niko夺冠,又不想看到G美脸上的笑容",2
图二Niko有点倒霉,3
明年打不了major了吗不是34月份吗[难过],3
想拿major冠军，要先问问niko同不同意，不过他每次都同意,2
我是绿龙队迷，但挺喜欢niko的，看他这样我是真难受[大哭],2
加油吧 大你三岁的好兄弟雨神依然能爆发 人生还很长,4
"g2标准流程： 1.无敌枪法，g2未来大爹，我们g2有救啦 2.磨合期，发挥不佳，被喷水货 3.蜜月期，全员稳定发挥拿下1-2个大赛冠军（不含major） 4.蜜月期一过，队里随机1-2人稳定犯病，大赛各种爆冷出局，粉丝开始呼吁换人 5.怀念那个最好的g2五人组",2
Faze+Niko=遗憾，这个定律还在适用[doge],2
"油爆虾是一道特色传统名菜，属于上海菜、江苏菜。通常选用中小型虾，用旺火菜籽油锅炸虾，烧好后虾外脆内嫩。虾壳红艳松脆，若即若离，入口一触即脱，虾肉鲜嫩、略带甜酸，风味独特。此菜酱红色，虾外脆内嫩，带着咸鲜味。 虾经油爆，表面油光润滑，虾壳薄亮透明，故又称“光明虾炙”；油爆虾分老爆、嫩爆两种。此菜是江南传统下酒佳品。 2018年9月，被评为“中国菜”之上海十大经典名菜。",2
Niko直到现在打得还是第一身位的步枪手，和好多年轻他很多的选手一个位置，其实还有很多相对保守一些的位置可以选择，乃至打指挥位，真想打下去职业生涯还长着呢,3
g2粉丝，总之骂黑粉没意见，但是请不要上升到选手个人,2
"也不知道算不算ky， 我真的粉了两个极端，这边5人明明很有机会，总是棋差一着。隔壁从常规赛跌跌撞撞，四号种子进入世界赛，却总有人绝境爆发拿下胜利。令人不得不感叹命运真是奇妙。十几年的生涯只为追寻那一座奖杯却爱而不得，另一边反而手捧五座奖杯。 同样出道就是惊艳世界的天才，一个兜兜转转转不出个梦寐以求，另一个却洋洋洒洒洒下个冠绝古今。 人生啊，真是参差又奇妙",2
起码是个能坦然说出：“我不喜欢别人说我配不配一个major冠军，如果我真的配，那为什么我没有呢？”的选手,2
笑点解析：回家局载物1.22完美评分6.7，??哥0.87评分7.4，同样决赛局隐身的马尔布斯0.83评分3.8。可惜确实可惜毕竟打那么久职业步枪水平一直顶级却没有major，但滤镜也确实大。,2
没办法，nuke上半场被雨神防的太死了，马尔布子和孩儿大部分场景都在隐身，不留遗憾尽力啦,2
提醒一下g美，我知道你们没看过里约major，但是里约老猪回家局打了个0.87被唠一辈子，而且当时现场都是巴西龟给黑豹报点的，虾哥在现场数千G美的报点声中打了个0.87反而成了悲情英雄了??,2
niko已经做得够好了，小孩这个状态是他扛着g2进了四强，事实上我们不能希望他做到更多，这是不合理的。但是这可能是他最后一次这么有希望能拿到major冠军了,2
"可惜今天的马超去守护donk 的贴纸了。。。",2
这是我200小时送给自己的礼物 即使你没有major 我也会无条件继续支持你,4
是无冕之王瓜皇，年轻雨神，cs第二指挥大表哥，超级奥拉夫这些人不够c吗，还是上半年的小孩不够呢，只能说偿还了，你欠上半年小孩一个，那这次批孩又反过来欠你一个，这就是命吧，而且今天的悲情英雄是你的表哥并不是你,2
其实被淘汰也没啥问题，毕竟要夺冠不能有太多弱图吧，ban都ban不过来，就意味着肯定要放一分，这明显不是一个冠军队应该做到的,3
恶心的从来都是某些粉丝，悲情人设也都是自媒体营销号什么的立出来的，niko从始至终都只是一名追求major的职业选手而已，冠军从来都只有一个，输才是常态，一些针对于niko的攻击完全是不必要的[微笑][微笑][微笑],2
niko全程看下来打得挺好的，虽然图二睡了，没有尼发力都到不了四强,3
玩神回马喷那句“一辈子就硬一回斯德哥尔摩”真的是我今年听得最爆的了，说归说，确实不是major决赛，我还能继续孝，还有就是，这个eg280兄弟们有用过的吗，感觉挺不错的啊,2
不懂就问，Niko是什么外五县步枪手吗？一个常年位居高位TOP的选手，所谓的“最长的河”就这么点标准吗？森载汤乐电等选手拉的时候有这么多人洗吗？说好的能力越大责任越大呢？,1
"猎鹰也出了个pro哥装彩笔视频 卧槽里的这不是整活视频这是niko比赛pov",2
菜了，恐惧了，质疑了，所以折腾灵敏度和分辨率。,2
更恐怖的是，几乎每一波都有弹幕在洗，看得有点恶心,1
我是尼永孝 但昨天真给我气没招了[笑哭],2
其实他2022开始就脑淤血操作了，只是那个时候G2还能维持，我不知道为什么，那个时候他打faze脑淤血操作是特别明显的，什么小镇eco局强起鸟狙被大狙秒，什么核子危机AK扔了拿没子弹的大狙混烟，还不能喷，喷就是尼孝拿他的冯硬洗,1
直接给对面竖中指????,2
我看很多人骂京介，但是很多时候你一个拱门白给，你让主A怎么办，我记忆最深的一把就是京介A1顶着守，K3带二楼，然后Niko守拱门，黑豹四打五，三拱门一a2协同，踏马拱门一个没换，K3在警家只有拉出去打，然后京介一个人视角之绝望，一会儿看A1一会儿看A2，还要回头看跳台，一个地方看一秒，然后看A1的时候被跳台一脚踢死，这踏马怎么打，多来几波那不就是手感冰凉吗，要么就是在火车道具吃满，Niko一点缓冲都给不到，被一脚踢死，京介在电箱被三条枪线打还要吃道具，平等对枪都没几次，你让别人怎么有手感，就是连锁反应带崩队伍，纯处，我一个尼孝是真的孝不动，没指望赢，但是K3小孩完美发挥，他不虾是真的能赢,2
不是哥们，这不是我们小蜜蜂的apex本人吗，怎么跑猎鹰去了,2
"niko有孩话可shiro？ zywoo花说，suesuedonkshroud",2
一个曾经以枪法闻名的选手开始畏惧对枪,2
尼你害孩没这冠军[颂乐人偶_眯眼笑][颂乐人偶_眯眼笑][颂乐人偶_眯眼笑],2
niko决赛软是必然的，为什么呢，他太害怕失败了[doge]恐惧和失去占据了一切，越是恐惧越是失败，古人云置之死地而后生，不去拼怎么赢呢[doge],2
对枪对不过，补枪补不上，拱门一站像迎宾的，被狂哥摁在地上摩擦,1
很简单，怕死，越怕越糯，枪越马，还疑神疑鬼的。,1
第一个那段狂哥都吓得视角开抖了还有人洗，真的绷不住。,1
说白了昨天niko这个id一遮枪法和大表哥没有任何区别，我宁愿他摸烟把送。,1
我上个月生日的时候朋友就送的eg280，具体价格不知道但耳机确实是挺不错的，说我是尼永孝也好吧，niko布达佩斯加油吧，人生不如意的事情十有八九，其实niko播也说过很多次关键比赛软脚虾的话题，不止粉丝对他有期待，他对自己也是很有要求的，健身也是为了延长职业寿命。枪肯定也是有练的，还是决赛心魔吧，希望老尼能调整好了??还是要自己成全自己的,2
法尔孔规则怪谈：1.猎鹰只要有两个人发挥，就是顶级强队，但是不能是龙哥和K3。2.龙哥如果发挥不好，说明猎鹰至少三个人发挥。3.龙哥如果发挥一般，说明最多两人发挥。4.龙哥如果发挥非常好，说明队友至少睡了3个。4.如果在世真龙现身，说明队伍已经没有人类了。5.当niko和小孩其中一人同意，那么无论其他人怎么拒绝也没用。,2
老尼是打的不好，但是我认为最大的锅还是京介，京介占着好位置好资源几张图下来数据还是红的，京介一个明星位打的都不如指挥好，up你难道就无视京介的糟糕发挥了吗，你这视频切片里的老尼表现看着是挺气人，但是要是弄一个京介全场枪法失误思路低级的切片也一样能剪接出来,2
实际上，猎鹰输黑豹都算在情理之中，作为十年尼粉我都做好3:0直接被带走的心理准备了。但看完比赛后，我第一次觉得niko打的丑陋，打的让我生理不适，对于老选手我很少苛责，阿汤打成那样我只觉得英雄迟暮，唯独昨天我感到恶心，四张图我看到十个人有九个人都在拼命，都在燃尽，就一个人不想赢也不配赢，最后的米垃圾是什么地方，是niko当年绝境奇迹的宿命之地，结果跟个区一样蠕动，拿把长枪守不住一次，吃着第三甚至接近第二的资源打个6-18，谁来就被一脚踢死,1
遮住名字和别人说这是个超巨，有人信吗,1
超巨超巨，合着不是超级巨星的缩写，是超级巨人kyojin呗,1
不看Demo誰想得到这是niko打出来的操作，一个每年基本top前10的这个操作,1
这就是没心气了，从心理上就放弃了，这种就该退役了,2
我建议猎鹰给Niko雇一个心理专家，给队内选手做心理建设，心态大有问题吧,2
老尼！你的当务之急是去买一把红宝石刺刀,2
??真得找个心理医生看看，他从来不承认自己心态差，但是不愿意承认，也算是一种心态差的体现[笑哭],2
弹幕有孝子洗是最搞笑的[汤圆],2
有点像那种驾考当天忘了怎么挂挡的老农民,2
真觉得之前总监玩那个装新手骗教练的游戏应该请Niko去的，你就看11:02这个操作，都不用装，简直就是新手。,2
《劝退》：蟹六跪而二螯，虾一跪而不起，非参芥之队无可寄托者，该退役也。,2
[doge]老尼需要心理建设建议多看挂逼,2
就这种抱团找大哥，即使大哥们带着拿冠军也是被人瞧不起，人有时候要自己站出来成全自己,2
不太懂为啥niko不捶桌了，一点信心没有，2025的他跟个僵尸一样，感觉一点追求没有，得来个大咖把他骂醒啊，没人敢压力他他就只能自己压力自己，越来越紧张，感觉还不如和表哥打羁绊。,1
尼你害孩没这冠军[大哭],2
APEX最起码越打越生气，越打越红温，越打越超频，Niko越打越同意，越打越软，越打越给,2
尼尼害孩没这冠军,2
米垃圾 我是最气的  因为是真的拿到了赛点  是真的能打到图5的[笑哭],2
虾哥经典不拉又不退，唯唯诺诺被一脚踢死,2
蝦哥粉絲群打過來了？老説蝦的位置不好 mirage拱門 nuke外場 這不是明星位置是啥啊？老說龍和京 京才上一線多久啊 top都不是 青訓出來才不到1年 而且4圖rating也比蝦高啊 龍是綠葉 資源也沒多好 4圖rating也比蝦高 蝦一個明星選手打出最差的rating 切刀 打背身側身打不死不是蝦自己打出來的操作？ 不是說其他人沒問題 但蝦肯定是最大的戰犯,1
一菜就调调那些有的没的不如学狠人每天5000死斗猛猛军训自己,2
只能说多年前贴吧老哥找数据认定尼是软脚虾的含金量还在升高[doge_金箍],2
说实话 别教孩子玩游戏了 教出来也是自己的影子 本来就是纯瞄准选手 香蕉道开局永远少50滴血 不见得玩的有多油 专注瞄准就得了 让海参??自己打估计更有化学反应,2
up的视频太主观了，有点影响观感，我指的是喷的太轻了[千恋万花表情包_不愧是我],2
像这个年纪的选手连续流几个赛事的脓是不可接受的，如果这个状态保持到明年结束，那Niko是真完了，现在说退役可能还早，但明年就不一定了。隔壁羽球圈有一句话适合所有从事体育的人：“如果你觉得自己状态不好，那就去拿下世锦赛。”Niko也是这样的，需要一个major，或者足够分量的荣誉来给职业生涯续命,2
"尼孝和孩孝能到今天才开始互掐，足见海参爱的深沉[笑哭] 一般这种两个大明星搭伙，一年不出成绩人脑子就要打出狗脑子了",2
他昨天这视角真太变态了，你很难想象这是个非指挥的视角。各种走位脱节，该拿的击杀拿不到 真的是左右手都瘫了。,2
看少了，小比赛而已，以前rmr光速滚蛋那才叫把我气笑了，我都以为g2要解散了都，这falcons才哪儿到哪,2
搞不懂让把k3踢了老尼当指挥的，就他这心理素质没当指挥都迷茫软成这样，当指挥了得拉成什么啊，打决赛直哆嗦尿裤子,2
niko心理压力到底为啥会大的这么离谱啊[微笑] 他自己说他平时是不管社交媒体黑子的言论的 所以他的紧张跟压力完全是自己给自己硬上的 来源也是莫名其妙 劣势局跟被点菜的图你慌就算了 有些图大优势比分大领先拿了好多赛点为啥还要这么慌啊 正常定位压枪打人都至少能多少几个[微笑][微笑] 至今不了解niko神奇的心理活动,2
兄弟，就这一瞬间就气乐了[辣眼睛],2
别拿自己c+的理解去评价，看看其他九个人，那是职业该怎么打，而不是你一个c+看哪波都发个弹幕说没办法,2
niko就是团队畸形的罪魁祸首，不说别的，指挥权一件事就够抽象了,1
??的黑粉全是他自己一枪一枪打出来的,2
回想一下，下半年老尼真是断崖式下滑，裂变天地S2那会都说他K1软脚一个不杀，但是最近几次比赛老尼连那会的瞄准能力都没有了，这才过了两个月，现在他看到人没反应，有反应准星拉不准，拉准了开不出枪，开出枪又打不着，真是软完了，曾经顶尖的步枪手怎么会下滑的这么快,2
魔男走了，但好像还在,2
把niko换成总监monesy都能拿major了吧[笑哭],2
他现在平时比赛玩的也是这么糯，补枪也不敢补，蹭来蹭去然后被一脚踢死，你甚至随便打开一个天梯的demo都能看出来他现在枪法有多吃力，突然冒出一个人永远是朝着下三路打的，然后被反手拍死，我也不明白压枪烂成现在这样为啥还是不练，早就不是那个靠定位吃饭的人了，从上个赛季小孩转会以后到现在，那个a1简直控的不像个Pro，越糯越菜越菜越死，然后越死越糯，真的看的难受，你但凡像apex一样大拉出去打呢，没话说了，感觉自信是一时半会找不回来了,2
有些地方分析确实硬黑，尼公子这个bo5枪软，时机差，乱切，反应慢是事实，最起码核子正门那一波，他是大拉出去回来才看到狂哥大拉出来想打，后话肯定是劣势了该回，当时肌肉记忆硬打没打过，这个问题没那么夸张吧。还有下K1那波，后话肯定是一左一右一混一补，可是时间就2秒左右，他前面就是小孩怎么沟通反映的过来？他看小孩右边走，他想左边去混，人给吸住死了，有什么问题？他这个位置谁来都是不开枪直接死，除非他也去右边连小孩一起杀了去补。小镇手枪局那一波说白了就是沟通出问题了，他要么跟着龙哥去补扑书房，要么果断去冲，等也没问题给队友吸引一下，你知道人家没架你？开个上帝视角分析也太片面了。至于其他没什么问题，确实不止犯错还犯罪太恐怖了，完全不像一个顶尖队伍，感觉猎鹰打劣势心理压力巨大无比，压力一大就没沟通自己玩，哎,2
"简介： 老尼臭软脚虾！算了，尼尼孩孩mojar冠军[傲娇]",2
"niko现在的心态绝对有问题，真就应该去找心理咨询师聊聊，一打决赛就ptsd。 年龄大了心态却一点都不平稳，家里年轻有实力的后辈是多，niko做不做得了榜样先不说，总得先认得清自己吧，不管是求稳还是操作，作为经验丰富的老将不应该连这点决断都做不了，反而一直在左右脑互搏。。。真希望他好好反思自己在团队中的定位，而不是因为有这些失误就在比赛过程中否定自己",2
完全心态崩了，越不敢打就越白给，越白给就越不敢打,2
过了一周多了，我已经不愤怒了，major来个好人救救我??哥吧，我已经顺从了[笑哭]不管怎样都好，再来个好人发挥带带我尼吧，再拖心气真的都没了，不过有一说一up推荐的这个eg280确实还不错用着，之前也没用过这种能调eq的耳机，不会调，但是给的预设就挺ok，确实听得出不同，脚步什么的更好听了，好用的,2
不会吧，我看??哥q得很自信啊[思考],2
eg280我在用，我觉得还挺不错的，有app可以调eq，也给了很多配件，特别是收纳盒和转接线好评，方便了很多，老实说niko的第二名已经成为了他的心魔了，骂niko不是讨厌他，真的是恨铁不成钢啊，所有人都知道他能表现得更好，而他也绝对不会止步于此，每次都是差一口气，看的令人心碎啊,2
niko打比赛前绝对起飞了，跟我反应一模一样[傲娇],2
继续切,2
那为什么隔壁 土耳其狠人这么能杀，PGL打巴西菊花，5张图  杀了103个 ，全图rating  1.36.。。。。。这TM土耳其狠人都30了，你niko还年轻2岁，怎么就菜成这样,2
法老既然那么喜欢大虾，干脆把donk买过来替换龙哥或者K3，niko直接转指挥，说不定退役之前还能拿个major冠军[妙啊][支持],2
我在拼多多Q一下提现了major奖杯，你也来试试吧[doge],2
虾哥黑粉吃的太好了，永远会在队友都不同意的时候一票否决[星星眼],2
好矛盾，法尔孔要想提升的话，看blast的表现最该走的就是niko，但falcons就是是围绕niko建队的，加上两孩都不可能放，只能是k3或者龙哥走，但是k3走了尼做不了指挥，龙哥走了也没人兜得住，不过话又说回来，这个eg280用着确实可以，eq调完听脚什么的也更清楚，不过距离感可能要适应一下,2
每次一到生死局关键分尼的脸色就难看得很,2
对不起但这个破音零蛋真的好好笑????,2
百合子原来是尼孩粉丝啊[doge][doge]诶嘿我是狂哥粉丝，狂哥最拉胯那段时间粉上狂哥的，现在看见狂哥恢复实力让我倍感欣慰[大笑],2
有一个错误，NiKo这次赛事分辨率换16:9了，看不到不是4比3的原因，今年他的灵敏度和分辨率一直在动，上一个这样的是波罗斯[doge],2
"我只能说，跟某个机器的爹越来越像了 [笑哭]",2
情绪化影响观感，就算没有硬黑也显得不公正,2
猎鹰的本质不是没体系 没战术 而是在niko 看了他这么久 也粉了他这么久 主要的的本质在于怕输 性格胆子太小 一到大场面就容易怂 成也是他的育描败也是他的育瞄在比赛中期太多过于机械的育瞄而错过太多后路的时机 很多次看到他炒后路 明明可以放心大胆的快进一点 可就是他的无用育苗和过于谨慎而导致正面战场失控 说白了就是脑子不够灵活应变 还有就是一到关键时刻就会紧张 一紧张就怕 一怕就导致动作迟缓失控 所以他一到大赛就容易心跳加快容易紧张 出道这么久就才拿了一个卡托 一个科隆 而和他同级别的都早已经大满贯了 如果不给他配一个心理家 想拿mj真的很难很难 所以他确实也是活该 缺少一颗必赢比赛的大心脏吧,2
大半夜的给听笑了，作为观众，本赛事表现能让我忍俊不禁的选手不多，zweih算一个，妮蔻算第二个。看其他选手顶多眉头锁着，这二位观看直播在无语的时候真的会笑,2
不是劳尼现在变成这样了吗，隔壁大超四强犯病也到不了这程度啊??,2
这不我C+好哥们demo吗[tv_doge],2
其实niko的状态下滑已经是很明显了啊。即使是去年拿了top4，也是很明显能看出来的。自从转了cs2，niko的控枪扫转水平就不再是顶级了，反应和注意力也是明显下降的。曾经的niko补枪真的很吓人的，而去年也有很多补枪补不上的镜头。更别提心态问题还有决策问题了，这是他一直都有的问题。,2
压力太大了，休息一段时间吧,2
niko现在已经慕斯化了 黑他就有流量??,2
"妮～～蔻～～～ 大马路上，乱切道具 本质上还是大赛软脚的问题[doge]",2
"niko的问题就是越急越菜越菜越急。以前是吃满资源白给导致队友完全没办法玩。现在好一点，有俩好大儿还有偶尔能站起来的龙哥k3二选一抗住战术，，所以niko在关键时刻不会抗全队压力吃全队资源。但是他走的位置还是那个重要的位置，还是在那个不应该出现低级失误的位置被人一脚踹死，然后徒增队友压力，让俩好大儿和龙哥k3需要再多一个人爆发出来才能补上他的大坑。 所以给了niko这么多好队友，也只是让他虾的时候，队友从直接八眼一黑开始送变成了还能试一试最后打个nice try。所以niko真该放位置了，站点不重要的信息收集位，靠多年的经验来玩游戏吧。站这种大哥位顶不住压力队友真没法玩。",2
看niko这几年，感觉和蛋一样，没心气了，换个视角，你打了几年没拿到冠军但一直打，越来越疲，精神上已经麻了，我觉得niko其实可以大胆一点，s1mple一样，停赛一段时间，好好把精神修养舒缓一下，等心理上有觉悟了再复赛（就像文版亚马在少林寺静心休养一样）。感觉niko现在软不是年龄大的枪法软导致的，更像是自我否认等负面精神上的麻木，烦躁导致的,2
我都怀疑NIKO到底有没有练枪，决赛真的一把都没发挥，太夸张了,2
niko真是伟大，站在前面吸引火力，让人们忽略真正的战犯和区-京介,2
@不_懂634 上来就没绷住[笑哭],2
"突然想起来今年的niko不就是18年的冷老六吗 一年只拿了个不痛不痒的小冠军 排名掉到top10 第二年直接查无此人",2
major可能有运气，top1肯定没有,2
黑子们别急，等休赛期我虾哥又是世界第一步枪手，最长的河！,2
"我们不是恨他，甚至希望他赢 但他总是在关键时刻有着莫名其妙的软[辣眼睛]",2
Niko拿着工资美美享受生活,2
打到后面老尼是心态完全崩了 越摊越压力自己 越压力自己越摊? 到迷城已经完全不知道怎么打了 这还只是iem香港? major的压力更大 能抗住压吗老尼？,2
无它，属于单纯枪法打不过对方，自己也意识到了，所以不停换鼠标和分辨率，但还是没效果。基本可以断定后面回不来了。,2
大嫂饿了 赚够就回家吧,2
从波士顿major开始第一次看比赛，那个0-3的FG里边就两人记得最清楚，一个是区一样看到人就死的苏弟，另一个就是没脑子的白菜。典中典笨蛋枪男，你以为是他老了枪没那么硬了，其实本质原因是他决策还是一坨??,2
一群人又是想让senzu来又是想lvg拉来z4kr，脑残吧，先不说这世界不是只有一个tyloo队，天天就想换人换人，怎么可能啊，你以为是你匹5e完美，排到垃圾队友就下一把吗,0
我说白了cncs现在就是一坨狗屎，前几个月lvg避战保分我就知道他争不上去,0
我心思这么懂cs。不是早知道结局了吗。在期待什么呢，哥们。进个三阶段不一样一脚踢死。然后来两句，我们是有进步的。我想问，多少年了。进步在哪？年年进步不早是冠军了？进一步退两步，回头再进一步说进步了是吧。中国粉丝还是太温和了，赚的还是太多了。,2
哦真的牛逼现在中国的陪玩店真是做得越来越好了，都有老板能点major四陪车队了，就是不知道炸单了退不退钱??,2
明年一时半会看不到中国队了，现在积分都快到40名了,2
这都不是道具的问题，是这种情况下这两个人想到的居然是“给道具”而不是相信自己的枪法和队友去打交叉——对面没道具没时间选择孤注一掷，这边还在想能不能丢道具拖时间，心态上就已经输了。天禄这个阵容大赛打得也不少，抗压能力却像是zont1x第一次进major的时候一样，永远都是在最关键的时候尿裤。这种情况下不是思考怎么变阵，先去看看心理医生吧。能力不行被人纯当陀螺抽就算了，前面战术执行的这么好，老早就该赢了，硬是打进了加时，抗压能力这么差还学别人打加时，这把就不该你赢。天禄哪年不是这样？从最开始赢LG就已经是这样了，每次让人感觉要有点起势了马上接下来几场大赛又给打得原形毕露了。仔细想想天禄过去的几个发挥稳定的，早期的BnTeT也好DANKING也好还有现在的Jamyoung，也就是在面对不同场景下心态比其他几个人好一点才打得稳定。不是说要拿几个冠军才能建立起信心，是你要有夺冠的信心才能打好，我觉得这几个人是没有的，而且从来就没有？这个天禄看不出是想赢的，每次输了就公式化道歉，特别是Jee，输了比赛就赖着不走，谁管你真哭假哭，采访还来一句“life is fking movie”，比赛打不好小剧场倒是出了一堆，鉴定为纯表演型人格。纵观整个赛场除了大表哥喜欢给自己加戏以外也找不出第二个了，大表哥什么咖位你什么咖位？,1
积分掉完是好事啊，每次明明知道会是赤石一般的体验，但有中国队比赛还是忍不住看，这下好了，以后大型比赛看不到了，不用纠结了,2
波士顿20秒极限转点唯一成功的世界线终于找到了[颂乐人偶_眯眼笑],2
天禄最nb的一点是看不上小比赛，眼里只有major卡托科隆，我的建议是先把cct打明白再说吧，cct都虐不明白的结果就是稍强点的队伍一上强度，就在荣和棋差一招之间来回翻滚。,2
一阶段竞猜我0-3本来想填中国队的，后来想了想给了俩队面子，结果俩0-3，md，真的受不了。说句不好听的，一年两届major，美美混个贴纸钱，工资钱，国内吃吃菜，不吃努力下一年税前上百万也没问题，还说苦，人家羊可以把网线啃断的地方苦不苦？年年都在荣，仰卧起坐这么久了一点变化都没有。最擅长的就是你看上去变好了然后来坨大的,0
"看了下马西西和老队长的直播间，只能说都是人情世故 看了比赛就知道谁在犯罪，还在那引导着喷jee洗白菜，人情世故这一块啊，到时候一退役美美加入钢盔直播咯",1
他妈的奇异博士看完了一万亿多条时间线，让这两个找到了唯一输的一条，我真草了我真，换两个C+在这里搞不好都拖赢了，这俩职业能一秒都拖不住直接被踢死,1
新观众要明白，奥斯汀和裂变天地那是意外,2
还有人吹裂变天地含金量的，感觉不如lvg进major传奇组[汤圆],2
只有我看到天禄回家心里暗爽吗？,2
烟一扔，液体就明白大小坑没人[微笑],2
白菜这颗雷，把自己和队友干扰了，还帮忙炸开了一点烟，刚好奥特曼枪法也发挥了，跳着杀了白菜还扫转爆汉堡。我不明白白菜非得这么晚扔雷干嘛，他听脚步离远点给颗a1拐角的雷就好了啊？又安全又有效果。。。真是服了[笑哭],2
"老将尽力了（23-55） 外战幻神（35-51） 钢枪指挥（50-46） CN GOAT（49-52） pee赶紧退役（55-45）",2
无敌了，12比8赛点一拿开始起进攻狙我就觉得不妙，果然最后吃了波大的，这白菜不说了，让阿中来顶他估计都能赢,2
仔细想一想，这几支CNCS队除了CN以外，真没什么能吸引人继续看下去的了。人品？技术？游戏内容？还是成绩？说白了大多支持他们的网友也只是因为他们是CN队才支持的。其实一个游戏真没必要代入什么爱国情绪，看点真正优美的比赛，欣赏纯粹的电子竞技才是对的啊。,2
《没人替》《没人替》《没人替》那就呆着吧，看在两年小鞠汉堡年纪大了[大哭],2
没事。明年大概率一时半会看不到中国队了。lvg 和天禄都在 30 开外了。RA 估计得 50 开外了。,2
醒了刚好看到天禄回家[笑哭],2
一言为定哦，别一有流量队和中国队同开，就去看中国对了。,2
老是说没人换。 换不了。 实践出真知，你先换上来练，练完打几把，再说能不能换。真的对不起小菊汉堡这两人，JAME随便从天梯捡路人都TM干上来了。个B队伍这么多年了，一点底蕴没有，10几年了，TM的10几年了，永远都是花100天每天进步一小步，再花10天每天退步一大步，永远在进步的路上，永远看不到稳定的进步[微笑]玩神喷的好！喷的爽！,1
怪v社给cn太多名额，改成亚洲4个就老实了。,2
为什么国人只能被允许支持中国队吗？[笑哭]打的又不好，难道没有自己喜欢的队伍吗？,2
天禄输了，也J没输！也J不仅实力强，人品更是一等一的棒！[打call]b站某堡直播间硬夸也J实力强就算了，人品道德都要硬洗。某主播直言“人的感情很复杂的，不好评价”“人家两情相悦也没办法，就是进展太快了”“建议弹幕去看看自私的基因”，更有旗下结晶弹幕发表理中客高论“一些人就是喜欢站在道德高地指责别人”，我不禁疑惑，难道勾二嫂是什么值得称道的高尚事迹吗？难道现在已经礼乐崩坏了？做这种腌臜事还不给骂，真是游荡U立。退一万步来说，也J自己爽的很，跟某些人可没关系，就这样还要上赶着给他当【GO】鞍前马后，真是件啊。没办法，只能祝福了，衷心希望那些小也J每天都被勾二嫂口牙[OK],2
玩小将们别难过，虽然我们通宵被天禄喂史了，但我们收获了银行业一样一样有有有也会有h&#39;y&#39;hui&#39;t&#39;y&#39;r&#39;s&#39;c&#39;dn,2
2025了还能不搜沙袋这种位置了，10秒两包点也能输，做出最优解，真的无敌，给我看笑了哈哈哈，熬夜看了一晚一点也不难过，怎么办捏[吃瓜][吃瓜][吃瓜],2
谁来告诉我不扔这个烟和雷不暴露位置是不是稳赢了[笑哭],2
jee真不是狙击手那块料，我不是尬黑他什么，我真觉得他步枪打挺好的，而且比赛里他往往都是打补枪位的，既然自己小心脏就转步枪呗，打打补枪杀杀人挺不错的,2
有人懂早上七点点进直播间刚好是大狙空枪+a点双驱的救赎感吗??,2
天道好轮回，当初骂载物的劲呢？现在就好惨了吧。stage2填天禄0-3的人估计不少，虽然我认为起码是个1-3,2
我说句有些人不爱听的。就目前的情况看，这队没了jee才是真的完了。。喷他人品没问题。但就目前换白菜才是最正常的。,2
去年就这样,2
明年看中国队不就是吃??吗,2
小夫最后这把指挥的的十几秒极限转点，100把他就要输99把。可惜，现实发生的是那唯一赢的一把。瞬秒2个包点位警察，然后无缝下包。,2
我的妈呀，都快26年了，怎么还有人熬夜看大粪啊[笑哭]这剧情你们看了这么多年了都不腻的啊,2
天天问白菜作用在哪的站出来，这小镇没白菜液体早输了 好几波关键发挥直接成功助液体拿下天禄，白菜没作用在哪啊?[星星眼],1
憋洗白菜了，激流勇退吧，这次打完真该退役了，也别扯什么没人接他位置，现在问题是他心态已经出大问题了就算下放一段时间也是有利于俱乐部的，对枪对不过开始怀疑自己导致又软又糯，在场上作用和bot差不多还要吃长枪资源,1
为什么这种盈利俱乐部非要套上国家的皮,2
居然还有人说国内没人能替他，我说真的，就他草车那一波，我上两个都杀光了，就他在那里枪都不敢去补，egg随便过去一个早他妈赢了，天禄的备赛还不好吗？我要是钟king，我一拳把白菜打死，我自己上去打。,0
谁懂看了天禄喂屎还得看满屏幕银行业的救赎感,2
jee妈的这枪都能空啊！？,0
说没人能替白菜的来说说这表现也是没人能替吗，换谁上去不是一样？,1
但是??兜住了??他们没让对面转??他把a1的支点杀掉了??就这样??还要转??小夫????你是个天才???????10秒钟???你要清两个包点打???包??来嘛拉嘛??我操拉完了??这?都守不住啊??,2
259讲话了，对面好强啊，奥特曼好强啊，鸡哥也醒了。丝毫不提天禄打的多垃圾[藏狐] 从来不承认自己是垃圾,2
一到关键时刻就尿裤，这就是tm这么多年cncs的缩影啊，stage1我把两个cn队放晋级炸了，stage2我把天禄放0-3，他死得这么丑陋还把我作业炸了，真是神了，我看也别绑架这些主播的竞猜作业了，该放0-3就放0-3，一群难堪大用的家伙不值得信赖,1
大早上的 餵了我一坨,1
"说实话jee确实空了很多关键枪，但他这个晚上还是有发挥的，他现在当务之急是转步枪，永远别惦记那b狙了，他的狙已经不是空不空的问题了，而是他一拿到狙整个人打发思路就有问题，整个队伍也因为这把狙思路出问题，尤其是进攻方。 白菜，早点滚，这个人出现在major赛场对国内外观众都是一种伤害，应该向所有观众支付心理损失费的那种。 其他三个人，看这场过后还有没有这个心气吧，个人实力还是有的，但战术思路纪律这些方面，反正骂了这么多年，也没见本质的改变，唉。",2
"Niko(28岁)：本质软脚菜逼抱大腿，不配高位top，一辈子就硬一个卡托 Attacker(28):虽败犹荣，春风若有怜花意[吃瓜]",2
最后一把真太抽象了[笑哭] jee大狙空枪，最后十秒A包点白菜 汉堡纯白给。最后一把tyloo容错率其实很高的，但凡jee 汉堡 白菜三个有一个人发挥都能进二加时。,2
"第三张图就是天禄近几个月的缩影。 拉胯的白菜， 关键时刻空枪的jee。 天禄千万别换人， 继续这样",2
所以我看完A队比赛就识相的去睡觉了，因为我知道优美cs已经结束了，接下来是抽象cs[笑哭],2
jee和白菜，宁愿jee下放,2
与其在意这一分，不如想想是不是早该常规时间带走了，而不是打加时？就算第二个加时有了，你敢说一定带走对面？[藏狐],2
玩大哥怒喷玩大嫂[汤圆],2
pee好死,1
最后十秒为什么还要交道具？最后时间听到脚步了二换一都能打，最后的决策真的不是人类,2
然后小将留烟一会去干什么呢??？灭三箱火??，这把T好像就是要动粗的吗??？T的B外开始运道具了，但是T的道具其实仍了很多??，他们为了防这个jamyoung下香蕉道中段??，他们浪费了很多闪?，这个时间其实T的闪不多??。Jee我求你了??，求你了??！求你了??????！来了，莫斯??准备提前补了??，这把中路不要信息了??。莫斯??占了一个警家长廊看??，但是树懒到这儿啦??！树懒要接回防，但是Jee??！没有打中??！！！崩了??！！！关键现在的T还能转吗??？他们不想转他们想一波干到底??。不！他们又想转??。但是，白菜兜住了??！他没让对面转???♂?。他把A1的支点杀了??！就这样液体还要转??。小夫，你是个天才??，十秒钟啊??！十秒钟你要清两个包点打A包??！来吗??？拉吗??？卧槽??！！！拉完了??！！！这都守不住啊??！！！卧槽，我服了哥们儿??。这个A1烟是真尿裤了????。??????兄弟你这A1烟好啊??好好弹一颗也...??哎哟，太臭了呀??！搜点吗??？小菊搜点吗??？完了，静音走的??。完了，搜了也没有用了??。不是，这是什么狗屎??。我...我不想看了兄弟们??。卧槽，我真的..明明...我受不了了??。...?????...???♂?，明年我再追着这些中国队看我TM吃屎??！！！卧槽??！！！真他妈有病这比赛打的哥们??。,0
以后老老实实去打小众宝藏比赛吧 这种比赛水平还是太高了,2
又是羡慕黑豹的一天，不过CNCS环境确实烂完了，到处是挂，还有门槛，官方扶持也弱，未来更难,3
看到很多兄弟喷jee起进攻狙的，我先叠个甲我平时也没少串jee，但是会不会这进攻狙是指挥或者战术制定呢[笑哭]天禄每次进攻狙的节奏就跟触发关键词一样，一板一眼的感觉 有钱就买 算到对面有狙了我也得买。说白了就是不会变通，从我看了这么久天禄比赛猜测 大概率可能不是jee要求的,3
玩大哥早就用九炸一撤离善意提醒你们了，还在熬夜吃食，我早就卖房子all in 液体了,2
没看懂，有人能告诉一下jee四个赛点，起两把大狙，两把tec9的意义在哪,2
液体也是烂完了，都能和天禄这么焦灼了,2
@黄金海岸城,3
小夫你是个天才，十秒要杀俩下包，来嘛～拉嘛～。卧槽，拉完了??,2
这一枪雨神来了都中了,2
这状态就算赢了也打不过现在的A队,2
"小镇起大狙是想找机会拿首杀，思路本质上没有问题，但是天禄这几个大赛打小镇，香蕉道双架就没见他们偷到过人，jee被致盲然后黄墙拉出来枪毙他的画面有多少次我都数不清了，还在坚持这个套路屡试不爽，既然没有办法在t方利用大狙打开局面那就拿步枪打协同吧真的。 但今天输了真不怪jee，小镇这个a点主防，白菜真是烂完了，先不说主防的事，不知道是谁给他们下了毒，还是他们自己不自信了，jamyoung和白菜都很畏惧信息枪，在该站出来拼抢打开局面的时候选择了退一步等队友的支援。 举几个例子吧，火车五道2v2残局莫思雨拉了白菜五道不敢补包车、火车jamyoung高坡不敢打1v1（ct见小鞠不敢对枪转头给低坡架死然后回头反架高坡）、白菜小镇明确a1两个挤在草车不敢大拉打补枪（此时汉堡已经从连接隔断烟里拉出来替白菜死了），这样的镜头真的数不胜数，很多时候看了都很无奈，特别是白菜，很畏惧对枪，打两枪缩回去掩体再peek就被对面架住，这是这届major白菜留给我最深的印象，害怕犯错反而摧毁了自己的对枪胜率",4
现成的经验模板蒙古队不知道学，天禄工资这么高打不了就滚蛋啊，没有残酷的淘汰机制怎么出一支蒙古一样的队伍？,1
最后一局真的，怎么都赢了，唯一一种输的方法被打出来了,2
不会玩狙还装模作样，我看你没反应啊?神[汤圆],2
天禄强图小镇强在哪？lvg强图沙二强在哪？最近几个月打外战赢过谁我请问了??,2
这奥特曼一打cn就来劲，成二代太阳神了[doge],2
今天比赛太有意思了吧，一个A队晋级2-2触发全力玩形态，一个天路路边触发暴怒玩形态，太享受了??,2
"不行钟伟杰上  老九喊过来当教练了  开个玩笑啊 比赛失利得看怎么内容  是技不如人呢还是心态不行呢 我觉得LVG和RA纯是能力不够  RA上限太低了就是打不过   LVG完全是指挥战术问题和选手瘫了   天禄嘛看了有好几年了  明显是心态问题更大  比赛内容也说的过去跟强队也能拼拼  但老是在领先的情况下被连翻  如果是一开始大比分落后没翻回来那是实力不够 确实可惜   但你老是优势情况下被翻那就是心里问题了 白菜就是菜无需多说换人就是 汉堡指挥没太多毛病偶尔也能杀杀人 小菊作为枪男为什么这次赛事给他安排了个干杂活的位置   又要帮丢道具又要单摸  timing又多  还要磕枪  首死了多少个  谁安排的定位啊  枪男拿不到核心地位玩什么游戏 莫思雨纯绿叶选手  打的没什么问题  就是配合得改进改进     老有一个个拉的情况出现 jee怎么说他啊  会玩狙击枪  也有亮眼狙击表现  但老是空简单枪怎么玩啊  而且你打不中就打不中吧   为什么老是被反补 身位控制是有很大问题的  尤其是选位  老选个那种容易走都走不掉的位置  再加上老是空简单枪  对面开局一打他那点就得掉  这是什么原因啊  明明能玩高难度狙击  但就是把握不住简单枪  最关键的是为什么老是空那种关键回合的简单枪啊  这纯纯心里有疾病啊  再说说进攻狙这问题  教练组的绝对责任  没有进攻狙战术让他玩狙击枪干嘛  老让他躲后面  要是真离不开进攻狙就让jee第一个推去  后面步枪补枪不行嘛  要知道天禄的进攻狙不是空不空枪的问题 而是看不到开枪  根本就是等于没见过这把狙击枪  又亏钱又要当核心  队伍围着个见不到的进攻狙打  能不输嘛 大家该骂骂啊  这次比赛最该骂的就是白菜  其次是教练组的安排问题   jee可以被骂  但要找对点  不要盲目跟风去黑人家   他的问题就是空关键简单枪和心里的疾病   他实力还是有的  就是容易犯病",2
玩机器9年前在go吧发贴祝贺天禄打败LG，18年看他直播天禄打赢牛仔，和faze打线下都是很兴奋和开心，这一次天禄输比赛明显是愤怒了,3
熬夜塞了坨大的···,2
太好了，明年年初几个大赛看不到cn彩笔队咯,2
换了半天人，队里不还是有个259,2
这jee咋空的[惊讶][灵魂出窍],2
无禄赛??无禄赛??,2
怎么说呢，我做好了被这个b队恶心的心理准备，但他们输的方式还是恶心到我心梗，他们如果光速烂完大伙没准还看点乐子调侃两句就走了，打满三图先拿赛点choke加时差之毫厘，赛中丑态百出脑子和纪律性同时扔掉，再来点公式关键空枪，齐活了，把所有能恶心观众的点占满了，给熬夜的刚起床的观众都塞满嘴大的然后面如死灰离场，你们几个人真的脸都不要了，老木也别要了[生气],1
看得出来玩出是真的恨铁不成钢了，就是老汤流农也没有这种痛心疾首的语气。经典的给人希望又让人失望，只能说差距还大，菜就多练,2
对面大脚步转点，信息全明，这种情况选位好点，你晃两下都把对面时间晃完了，结果选择站包点大身位跟人死磕，道具还给呲，枪法又没磕过，那确实该死。,1
现在最理想的情况就是三叶有机会来天禄替白菜，jee转步枪手，我说实话现在也不是当年了，小将现在这步枪真的不赖，就转步枪手得了，步枪真的经常都能发挥，而且步枪容错率高那心态自然也好了,2
不是输掉了吗？我看到12:8，我还以为稳了呢。去喂鸡了。完美评论区jee孝子都蹦出来了。虽然我不喜欢这个人，不过赢了是好事，结果输了吗？,2
饱了，真的饱了，天天被人喂史,2
能给我家玩宝宝气成这样,2
白菜对队伍的伤害不是数值足以体现的。真的,1
我发现每次回家局的最后一回合都是pee先空波大的[藏狐],2
你如何保证新来的狙比jee强？ 更弱的话你担不担责？,2
jee破了处男之后越来越菜了,2
藏住就赢了，非得丢道具，丢还丢不好,1
早就说白菜不行了，除了偶尔打打神经枪，一点老将的底蕴都没有，赶紧滚吧，赶紧换个新人,0
看到他妈早上天都亮了就看这个,1
烟确实丢呲了，但这颗丢呲的烟其实本来是能影响对面的，虽然奥特曼跳拉的时候看到了白菜，可以混烟把他混死，但左上角的汉堡他不一定看得到，就算看到了在烟里扫转也太变态了,2
几个赛点握不住，一到关键时刻就懦就墨迹就不注重细节,2
如同国足一样臭,2
机会是自己给的，白菜已经浪费了太多太多的机会，真的找人换吧,2
真的蠢啊，双包点你拉扯一下会死？这么优秀的双重交叉白菜晃一下让汉堡接不行吗？为什么时间都快到了就是非要急着直架去对枪啊我操，生怕对面补不上枪吗我操，怎么会有这么蠢的操作啊。,1
遥遥领先,2
这道具真的蠢,1
说一千道一万，还是菜。,2
@宿星之海 @低客的黑刁,3
"看了一下图三数据，tmd指挥数据最高，这打条毛啊。前面还说莫思雨的rt上了排行榜还靠前，现在就直接睡着了呗，然后白菜就纯开送。jee我不喷他，因为前两张图发挥确实还可以，步枪很惊艳，打狙的时候拿了关键人头，但是也空了关键枪。 tmd干脆让蛋复出得了，把jee狙击下了去打步枪，然后白菜赶紧下岗。实在不行，青训里面拉个人上来磨练一下呗，faze不也是把雨神下了，然后找雅各布来，这两天都越打越好了。 这比赛看完绝逼红温的，本来12-8拿赛点了，到最后14-16输了，合着拿完赛点以后就拿2分呗，让对面拿了7分，这玩条毛，还是最熟的小镇，对面还是最菜的液体，直接解散得了。 说实话我严重怀疑是不是队里有人bet了？打液体这种神人队都能输，但是打小蜜蜂就能打得很焦灼。 最后想了想，天禄Bo1的时候就初见端倪了，只能说不冤，想想后面还有猎鹰看。行吧，心情平复了一半。我是昨天刚天黑就睡觉了，凌晨醒过来看比赛，现在睡不着了，那些熬夜看的真粉丝，估计要难受死了。",1
把jee封印在stage2，世界上还是好白菜多啊,2
这波不是吃菜就是真脑子有包  最后一波了看见手里还有道具就想全丢出去 臭毛病烂完了， 还好我五点十分左右熬不住睡着了，不然真要气死了,1
再别说了，银行业一样一样有有有也会有h&#39;y&#39;hui&#39;t&#39;y&#39;r&#39;s&#39;c&#39;dn,2
这最后一局真的搞啊，就10s包点俩个ct打三个t好歹换一个啊,1
这个“拉完了”绝妙双关,2
怎么能换人能，国内没有好的狙！国内没有好的步枪！国内没有好的指挥！不能换，就应该组这套阵容到老，话说小菊学有英语的想法嘛，,2
这烟扔大力点砸对面掉血我都算这俩有作用????,2
神人a区，同时扔一雷一烟不就告诉对面我包点明牌俩个等着来干呗，本来白菜杀了naf能把汉堡做成暗面的，这个包点交叉是没问题的对面还要提防大小坑枪线，这俩道具真是此地无银三百两,2
根本没关注这届比赛，结果都能知道这逆天烟接雷，说实话听对面大脚步不给道具躲着阴c+来都是稳赢的局[笑哭],2
a队打液体玩出不应该小溪了,2
可惜了，早早地睡了，没看到这么大一坨屎。,2
没积分咯好捏没积分咯好捏没积分咯好捏,2
别人在脸上了给两个道具暴露位置，烟都丢远了还给个近点雷炸一下给别人看??,2
我是看不懂为什么两个人要一起丢道具，就算丢了道具为什么还要都藏住，对面大脚板你丢道具不换位置的？换一个位置买一个都比两个人同时丢道具不换位置被齐刷刷的秒两个好吧。最后结局挺符合天禄的信了一辈子道具结果被自己的道具搞了，火车第四局莫思雨打默认知道对面绿通压到近点了就给了一颗闪然后走了也不知道是怎么和白菜说的能那样死的,1
逆天白菜两个人一起暴露位置，还是丢雷炸自己人,2
我这个评论看来是纯是想多了 以为有交流，结果是白菜纯把雷弄呲了，害了自己和队友,2
不吃sm,1
这就是你们说的头号主播机机爆吗？[思考],2
还得是天tyloo这路边拯救我作业，第一个放1-3的果然是这b样，还有人放晋级是真敢啊[笑哭],2
好烟配好雷 舒服~~[星星眼],2
我真的很好奇，这种有优势后，进攻狙是队伍决定让jee起的，还是他想玩，然后队伍同意起的！整个队伍是不是已经疯掉了！怎么打到赛点的！不就是爆蛋打b点，tl点里的人根本守不住！一直选择保枪吗？？？！为什么拿到赛点后，突然就开始连续起进攻狙，放慢自己的节奏呀！啊！啊！没发现哪怕没有钱，也能打进去吗？！       被追到加时了，然后第一把继续爆蛋一波赢了！然后立马又起进攻狙，我真的服了！ 我不想批评选手，但是真的很神人！熬夜看比赛真的有福了！,2
思危思变思退[汤圆],2
虽败犹荣,2
熬夜看到现在真给我气晕了,2
我不行了，不是不能接受滚蛋，以这么丑陋的方式滚蛋是真的恶心坏了,1
jee进攻起ju没啥毛病，有终结比赛的大杀器为何不用只是他这把进攻ju操作太蠢了双架树位两把给闪还不提前背闪像个傻子一样站上面还不愿意走，白菜太马了葬送一把jy要摸烟在书房还静什么步呢？最后一把两个人不知道在干嘛天梯都不带那么玩的，来个b?都知道拖时间赢了两人直架丢道具暴露位置，告诉三个土匪我在这快来干我，太bt了这队伍已经疯了，太蠢了打的,0
[吃瓜],2
图二不是暴打了吗？被翻了？,2
真得换白菜了给老将一个体面的结局吧,2
赶紧解散吧，整个队伍打的臭不可闻,1
我的理解，汉堡给烟没问题，只是有点呲，有点慢了，正常来说应该是给这个烟，T看见烟肯定会下二楼包，然后白菜炸烟，汉堡忍者位杀包匪加时，结果确实汉堡烟给慢给呲了，把位置暴露出来，但其实还好，白菜这个雷确实屎中屎，不仅把自己的视线给挡了没1S都没拖住，还把烟给炸开，让奥特曼扫转了,2
这就是cncs，永远虽败犹荣,2
"讲道理对面也准了照常来说 就算这些道具都失误也随便补一个的至少 但是就是对面突然锁上了[笑哭]怎么说呢,你给机会对面也抓住了",2
液体打个天禄这么费劲第三阶段也是一轮游了,2
yysy，不怎么看cs觉得这个jee挺抽象的，给我一种不打简单枪的感觉，空枪好多直架和架过点，空了repeek出去反而杀人了，但是对面补上枪，1换1有什么用,2
玩大哥骗吃骗喝这一块,2
那天刷了一晚上的银行业，爽,2
当时心脏难受的差点过去,2
抖音天才少年吗？别看白菜在职业赛场菜的不行，但是他能在魔王S炸鱼，要换也是还青训队员，不是什么随便拉一个天梯的人来就行,2
不就是2-3回家变成1-3回家吗？可惜在哪[doge],2
国产剧情，还好我昨晚灵机一动早睡了，要不又得被折磨,2
炸雷把直架的白菜坑了是最抽象的,2
液体也太拉了,2
纯路人，cn的csgo最好成绩是哪一次,3
为什么听到了转点声音a点那两个还在缩包点里，小菊一说转了直接封a1烟去大坑包点交叉不是赢面很大么，为什么要缩包点里啊，烟丢不好，道具丢不好，大坑包点a1烟就算最后接不完也不会是1打3的局面啊,2
jee感觉步枪真有油啊，他的小场面先生性格注定了容易空关键狙，而且天禄这连输主要还是步枪手太软了，小菊也不是把把c偶尔来把大的，莫思雨白菜更是轮流p，反正明年也没比赛打了，破而后立换人吧,2
原本以为今年冠军赛cn瓦送了个大的，没想到cncs也不逞多让[捂脸],2
我就想说白菜是救过天禄老板的命吗？打的这么拉，还不换？[尴尬],1
吃了不能开挂的亏[笑哭],2
[嗑瓜子]已经习惯了，19年到现在，基本上每次都是这样，看着好像是进步了，差距更小了，每次都是虽败犹荣 可惜的输，每次都是“差的是战术细节，枪法还是可以的”，但就是无法像蒙古那样质的飞跃，无法更进一步，要么就是无法维持蜜月期那种状态和成绩（裂变天地夺冠），蜜完之后拉回来,2
在烟里挂机都赢了,2
天禄需要的是白菜退役，jee转步枪，买个狙击手,2
中国老头爆了,2
还好没直播看,2
看了demo，这个a1烟极限刚刚好封住，但也因为是极限封住的所以被白菜的雷炸了一个大缺口，刚好看清包点，然后这颗雷还产生了单向黑烟，白菜这什么都看不到，但是奥特曼看包点是一点没有影响，汉堡没有拉出去是因为被雷炸聋了听不到，奥特曼扫转是有心理预期的，因为汉堡丢烟在箱子上露脚步了,3
作为老鼠美我觉得我有资格评价小夫，当他开始锁击杀时一般意味着他想下一把了。如果你的人生里阿努比斯之夜和银行业之业都熬大夜到凌晨都看过的话，你干什么都会成功,2
大早上的看得我犯恶心了，最后都打的什么玩意[藏狐],1
你pee回家局也是比毒液高，毒液除了打个hun其他全红还能吹比pee厉害啊，pee在菜也是中国队现在第一狙[滑稽],1
虽说我们观众也不是什么顶级水平，但看这些臭鱼烂虾职业队比赛真是折磨啊，以后直接开始传奇组的比赛吧[喜极而泣],2
"这颗雷扔好了的作用：减速匪，拖时间，让匪的低速拉不快更好接。 这颗雷扔呲成这样的话：黑烟挡白菜视线，炸开一小块烟让奥特曼看清包点，暴露包点两个人（如果只扔烟，匪会以为白菜上箱子了，烟是白菜扔的），给奥特曼减速帮急停了（本来奥特曼飞过来是不准的，雷给减速帮急停了）。 其实就是包点两个人尿了，糯了。正常架枪交叉就能拿下跑第一个的包匪，对面没时间清包点捡包下包。但是两个人都糯了，都选择丢道具。唯一能输的答案被找到了。[辣眼睛]",2
结果明年还是一样追着看[喜极而泣],2
一勾一打都赢了,2
白菜才是最该被喷的，玩成这样我说实话如果是我的话我都没脸继续打职业了,1
哈哈??白菜换钟king赢了,2
老子4点开始看第一张图赢了感觉还有机会就看下去了 结果看到第二张图选出来个逼火车我就知道完了 就前面比赛就打过火车这张图了 只能说打的一坨屎啥配合都没有小菊永远单走没配合 红楼梯永远不丢闪不抢不看 永远盯着那个b打 又打不进去 火车一输我直接气的电脑一关去睡觉了 现在来看还好留了一点时间睡觉 不然我真的一天都要炸 我只能说cncs谁爱看谁看吧,1
哈哈哈 为什么你的视频标题都是 各种看傻,2
额。。。我看好多人在喷 有些人又不在喷。我这里有一个很好的例子，如果这5个人里面有一个人5-20，但是他在11-12的时候1v5绝境完成残局拖入加时了，那这个人还得挨喷么...？（虽然我知道他如果不是5-20甚至都已经结束比赛了，那可以稍微宽松点，8-19这种...）我对喷不喷不做评价，因为每个人都有失误 可能决定胜负的就看最后一回合，其他回合关注的不多。JEE确实最后一分一枪没中太显眼了。。。然后就是包点[大哭],2
不如不丢烟，真的，这个情况鬼晓得你包点这时候还能藏两个,2
不是白菜这个雷诗人啊,1
下次遇到这种情况，答应我，好好睡一觉，好吗,2
@FBIVANS @BadBlackerHei @GomoberAy @可爱喵你别管 @凤凰花苑张起成 @翻江鼠蛋黄派 @Destiny小流年 @dtlisir2,3
只空关键枪,2
只空致命枪,2
最后一波真真气笑了,2
看吐了，为什么最后这两个道具丢的像c+一样，没有交流的来了，这波包点不漏信息或者脚下扔颗烟挂机都赢了，对面根本来不及把点搜完,1
亚洲剧情,2
所以这雷到底是啥意思，为啥往这个奇怪的地方扔，是准备自雷吗？,2
汉堡的选择给烟是没问题的 但是烟给呲了 位置暴露了也不是坏事 小夫选择转点就说明他觉得a包空虚 这个时候包点漏了信息是有可能给液体a点最后一个人在死角的信息的 所以白菜那个位置直架很有优势 但是白菜丢个神雷 血没炸多少也没减速到人还挡自己视野 纯在犯罪,2
8-12我就知道要先质疑[笑哭],2
退役开播，新人摸奖不就是cncs未来,2
打到7点左右了吧！真是的。,2
2026年的天禄新粉丝们你们准备好了吗？今年韭菜长势喜人，希望明年再接再厉[笑哭],2
把玩大哥都看破防 我觉着也不用看录播了[笑哭],2
今年下半年优先级就该放到最后的，所有比赛都不当人,1
我一开始还想这液体的炸烟雷怎么扔的这么及时，结果原来是这白菜帮对面炸的烟，这是人啊我真服了,1
看麻了已经，玩出还能喊出来也算他能吃解说这碗饭,2
[无语]没想到能这么输,2
还好从来不粉中国队，每次一看到好哥们看cncs比赛看到脑溢血然后给我发wx喷中国队，我就发现自己的选择完全正确,2
猫猫会不会认为自己是狗啊[思考],3
抱抱晶莹剔透的大鼻涕泡真可爱[脱单doge],5
为啥你们家狗感觉自己不会喝水还要督促的喝,3
么么和高高抱抱在一起的时候好治愈呀！啵啵和菜鸡是不是都喜欢各自各自待着。,5
完全同化了！[偷笑],5
为啥我们家猫只会偷偷溜到狗后面，猛地对狗狗来一巴掌，然后一场恶战就又开始了。。。[辣眼睛],4
挺好的，就是不能随便吸猫，容易吸到狗狗的哈喇子[doge],4
感觉猫猫是把自己当成狗狗了，因为和两只狗狗一起长大，它可能会以为自己也是一只狗[喜极而泣][喜极而泣][喜极而泣],3
每次看up视频都觉得好温馨[tv_点赞],4
一家都喜欢吃蔬菜，活该是一家子[doge],5
白色猫猫啥品种啊，呜呜，好美丽,3
感觉这个视频里面么么的动态之前的视频里面是分开都有的嗷[doge]大美女有空再来一点物料吧,4
猫猫眼睛好漂亮啊，颜色和琥珀一样,5
好羡慕啊，我们家两只猫天天追着狗打，我们家狗一天到晚盯着那两只猫。两个跟仇人一样,4
金毛的性格真是好,5
大哥，二哥，三妹…………[OK],4
这是不是你们理想中的猫狗双全的生活[doge],5
好可爱[洛天依][洛天依][洛天依],5
太棒了,6
一定要看一定要看一定要看：亲爱的作者，您好，我是授权维修小达人，你在视频中运用的音乐是出自一款游戏中的音乐，他的作者Tobyfox曾说过不希望自己的音乐运用在不是关于这款游戏的任何一个视频中，而是希望更多的人用他的音乐创造出同人跟视频大大应该是外圈人员，还不知到这些，所以不强求大大换个音乐当然，换个音乐我会很开心，只希望大大别再用Tobyfox的音乐创造无关那个游戏的视频，我该说的都说完了，希望大家身体健康，［如果是同等的话，希望我们可以一起维护这款游戏的音乐版权，转发给外圈的小伙伴，和内圈不知道的小伙伴］,4
亲爱的up，您好，您在片尾用的音乐是传说之下里边儿的背景音乐，原作者曾经说过，希望自己的曲子用在关于传说之下的地方，无关紧要地方请不要用了，这属于版权问题，改个音乐用不了多久，或者说以后请就别再用传说之下的音乐了,1
盲猜有人在屏幕前露出姨母笑，我不说是谁[doge][doge][doge],5
养了一只猫，但确是同时养了一只猫和一只狗[脱单doge][脱单doge],4
猫咪对于狗子来说还是太弱小了，兄弟们平常看的那些猫猫伸爪打狗狗的视频看了就算看看吧，哪怕偏小型犬也能一口咬定猫咪的脖子。一个星期前，我家小三花就被我家狗一口咬死了。哪怕是以温顺著称的金毛里也有脾气不好的，特别是在喂食时，一定要将两者分开。那时候我真是哭了一下午，平常狗子对主人很温顺，我知道狗子护食，但也不对主人护，本来养猫的时候也有警戒，但活物哪能一直抱着不让动，小猫咪亲人亲狗，悲剧发生时我脑子都不会转了。,3
这里跟阿婆主说一下子，背景的那首歌的原主，他不希望关于他游戏的歌被用在不属于，关于他游戏的视频里面和别的地方,1
狗子7岁的时候我家养了一只奶猫，上个月狗子十三岁回汪星了，我家猫每天到处找他，连饭都不怎么吃，所以猫狗之间也是有友情的,3
说到底还是你家抱抱性格好[脱单doge],3
大狗配小猫才可以和谐，小狗配大猫的话小狗能委屈死。,3
但是不要让猫接触外面的脾气不好的流浪狗，猫在狗狗陪伴下长大，也就造成了对狗的警惕性变弱了，某些脾气不好的狗会攻击接近的猫，猫相比狗来说太脆弱了，不看好接近的话是致命的,3
@南宫赤枫 要是我家狗子不追猫就好了[笑哭],3
@沐橙ノ,3
猫猫去哪里了,3
我家猫也是从小跟狗长大，从小睡他身体睡到大，就算给它买了窝它还是往狗子身上躺[笑哭][笑哭][笑哭],4
猫猫咋不出镜了,3
传说之下里的音乐真的好治愈,4
[辣眼睛],4
我家也一起长大，现状就是猫欺负小泰迪，大金毛欺负猫，天天一个追一个满屋子跑[捂脸]差距啊,4
为啥这只柯基这么帅大叔的感觉[doge],4
猫猫怎么不出镜了[来古-注意],3
听到UP视频的背景音乐，这使我充满决心，所以给UP[热词系列_三连][给心心],4
哈哈哈狗叠哈哈哈双重含义哈哈哈,5
那个好心人回答一下:这是什么品种的猫？？？,3
@瑶aa_snsd 好可爱喔[保卫萝卜_哭哭],4
前几天我爸看到他仓库有一窝小猫被黄鼠狼咬死了，猫妈妈逃走了，好可怜[大哭],2
我家的手机和电视同时刷的这个视频,3
@暮? 代了[大哭]我和小贺,3
想到了和夕立时雨混在一起的雪风[doge],3
好有爱啊，温馨的一家人，慕了[给心心],4
我已经想象出了拟人版的了！！！我的两位狗狗哥哥！,4
有没有一种可能其实他就是修勾[doge]长的像猫,4
@程秋秋- 呜呜呜快来快来，这太太太太可爱了[保卫萝卜_哭哭][保卫萝卜_哭哭][保卫萝卜_哭哭][保卫萝卜_哭哭][保卫萝卜_哭哭],6
@-感叹号用户-- 好好玩呀～[保卫萝卜_哇][保卫萝卜_哇][保卫萝卜_哇],5
081,3
@偶尔躲躲乌云qwq 太可爱啦吧,4
emmmm浅关注一下，我上大学没时间养[酸了],4
@菜菜己,3
@sjy_Lawrence 好幸福的一家[给心心],3
@鸽陌枫莫疯啊 代了,3
狗咪？[脱单doge],4
猫狗贴贴，只有主人多余的世界完成了[OK],4
@ブ_ 啊啊啊啊好可爱[脸红],5
@30号周杰伦,3
@a528491 [给心心],3
好有爱啊,5
@爱花滑的喵酱,3
@-起个名真难_ 治愈,4
@banc_,3
不知道为啥看到这么温馨的画面眼泪突然就下来了,5
好像和狗一起长大的猫会以为自己也是狗吧,3
吸猫吸到狗子味，吸狗吸到猫子味[妙啊],4
猫跟猫都没这么亲,3
太可爱了！！！[大笑][大笑][大笑],6
然而事实上，ut的作者是不允许把ut的音乐用在和ut无关的地方的（但是用了也没关系）,3
二哈和他的白猫师尊演变成白猫和他的金毛监护狗[tv_doge],3
"这位家属女儿 (＞﹏＜)突发急性髓系 (。﹏。)白血病
求求大家(╯^╰)帮助这位家属的女儿（′д｀）
https://www.bilibili.com/read/cv17605831
可以点击我看详细情况(︶︹︺)76itvgf",3
哎？作者现在主页怎么只有狗子了,3
@赣天,3
不同物种的家人,4
@森林庆典小吹吹,3
@绿豆汤好喝嘛 这下不得不养狗了,4
真的很羡慕猫狗双全的家庭啊！！！[星星眼][保卫萝卜_哭哭],6
猫狗双全[tv_大哭]@迟暮归田是妙蛙种子,5
真的很羡慕猫狗双全的家庭啊！！！[星星眼],6
我是被我哥这条狗带大的，up的狗狗不狗不知道，我哥是真特么狗。[辣眼睛],4
好爱丫！！！！！,6
@WX0403,3
好有爱呀，他们从来不打架吗[笑哭],5
好好磕@橘子味的女朋友,5
@好NB的石头 woc好亲,5
好耶！UT的音乐[脱单doge],5
@栖于他的伤口之中 [喜欢][喜欢],5
His Theme好评[打call],5
@卡尔宾的冰 啊啊啊啊啊啊啊啊啊好喜欢啊啊啊啊啊啊啊啊,6
好可爱,5
@枫吹过小星星,3
@--友余 让我加入让我加入[保卫萝卜_哭哭][保卫萝卜_哭哭],4
是个让人羡慕的有钱人家,4
@马龙的小迷妹 好有爱[给心心],5
@困的晕fufu唉 以后咱们也养,4
谁在弹幕里发狗叠啊笑死我了哈哈哈哈哈哈[笑哭],6
想到了那个跟鸡一起养大的鹰的故事，好像是后来学会了打篮球吧？,3
@モンゴルの上單 [热词系列_优雅],3
没别的，就喜欢背景音乐[doge],4
@58574A,3
哇哇哇  这也太可爱了吧[保卫萝卜_笔芯][保卫萝卜_笔芯],5
@猫猫天下第一耶,3
@爱打游戏的黄 来看小可爱！,5
好可爱。两个狗狗，我可以说想到了韦斯莱双子么[脸红]也许没有那么捣蛋，但是本质一样啊,5
我家猫妈妈也很宠狗崽崽[doge],5
现实版的普洱与凯文，哈哈哈,5
猫咪:有狗爸爸在一起我就安心了[虎年][虎年][虎年],5
@W的猫咪 好可爱,5
@南折Nasuka_ 窝和泥,4
@元气少女呆毛王,3
@言午在线养生,3
@鲨鱼的小鱼 [保卫萝卜_哇],3
我们家花花就是被闹闹宠大的，花花养了10年跑了，闹闹养了15年老死了,2
好可爱好可爱啊啊啊啊啊[打call],6
狗狗都不会全压下去 怕猫猫疼[偷笑][偷笑],5
这个音乐和视频真的好配[来古-震撼],5
@真的好慢 awsllllllllll,6
好??,5
猫狗合一。,4
为什么要配这个音乐啊，虽然好听但是非常非常非常非常非常非常跳戏（果然是我听太多了吗？,2
狗叠哈哈哈哈哈哈哈哈哈哈哈哈哈哈哈哈哈哈，这里也能看见狗叠,6
它会不会最后把自己当狗了？！,7
这就是童养媳吗？爱了爱了[doge],5
啊啊啊@M_Royal-,6
我记得这首音乐，出自一个游戏，但是我忘记游戏名了，有谁知道吗？,3
磕了,6
@违心话h 怎么感觉好甜[喜欢][喜欢][喜欢][喜欢],5
"吁！ 叫一声
“汪唔”
[囧]",5
@不会打球的龙 这个猫咪好可爱,5
@rua布灵布灵,3
"看着看着就看到后面有一只被冷落的橘猫，
笑着笑着就发现我就像那只被冷落的橘猫。",2
喵喵要被撅了吗（悲）,4
@要炸七个小土豆,3
猫?狗?,4
@Sedative_ 太治愈了，大勾勾和小喵喵,5
敲可愛,5
@茜茜cicicctv 好可爱,5
猫:只要过得幸福，当狗也挺好的是吧[吃瓜],5
小猫咪好漂亮啊[喜欢][喜欢][喜欢],5
太可爱了[给心心][脸红],5
什么猫鸭[洛天依],4
@知然-xs,3
太可爱了，不开心都治愈了[喜欢][喜欢][喜欢]求上天赐我一个毛绒绒,5
只能大狗养小猫，大猫会欺负小狗,3
我也想@訢緔魜,3
@Monter,3
这个猫猫是什么品种的？,3
@骑着蚂蚁过河_,3
猫猫长大之后红眼睛更明显了！！好可爱? ??,5
@-命劫- 来看大狗流鼻涕,3
@猫猫吃大饼 幸福一家人,4
原来狗狗的尾巴是为猫猫准备的逗猫棒啊[tv_微笑],5
@向后摇了摇头,3
@奥丁有两只乌鸦,3
@@好想吃爆浆蛋挞 [喜欢],5
日子过的比我好。[委屈],2
@狐狗同笼怎么算,3
所以金毛是都这么可爱吗[脱单doge],4
我为什么不能变成小动物，然后和小动物一起生活[大哭],5
@Y秋沫 [惊喜][惊喜],5
是不是以前发过,3
@鹅布叽稻,3
我要看同人，快！,7
请up主千万要告诉我，三只都是公的。谢谢[滑稽][滑稽][滑稽],7
@小孟难得不饿,3
@奶盐味儿小饼干,3
这是被金毛宠大的，你试试被哈士奇宠大[doge],4
@诶嘿是柚子啊 太可爱了！看着就很幸福,5
@DarlingRandi 我就想猫狗双全,5
以后狗狗逝去了，猫猫肯定要伤心死了:-(,2
@-夏司逆-,3
@提瓦特外卖员,3
这婚可以结[doge],4
额，我妈在狗市上买了个狗和猫，几天后猫生了点病，也经常粘着狗，后面猫死了，然后狗就不吃东西了，后三天也死了，就剩原来的一只大狗了[tv_鼓掌][tv_点赞][tv_思考][tv_冷漠],2
@顾赢北,3
@废儿勒丶,3
@你头发乱了_L,3
这铲屎官是真的富啊，最少两只猫两只狗，这让我陷入了深深地怀疑，到底是什么样的收入才能hold住啊！[笑哭],4
@是cc不是oo awsl！！！！[崩坏3_幸福][崩坏3_幸福][崩坏3_幸福][崩坏3_幸福],6
@苦茶亓す 好可爱！！,5
@啦啦啦啦哈咳咳 啊啊啊啊啊啊啊啊,6
@吃遍上海每家店的面,3
我认识一个up，因为不发后续，当天晚上给人嘎了两个腰子。,1
@lyq爱cpf 如果只有一只狗狗就完美了[保卫萝卜_笔芯],2
然后它们生出了一只狮子狗。[doge],3
我以为是狐猫狗[原神_喝茶],3
我家猫也是一直跟俩狗呆在一块，行为变没变化不知道，倒是开始吃狗粮了，比狗吃的都香[doge],3
你家这猫好啊，文静，端庄，优雅。我家那位也挺好，差点就能腾云驾雾了。,4
有这样一个主人他们真的很幸福,5
教育要从娃娃抓起[doge],4
嗷嗷可爱洗了[保卫萝卜_哭哭][保卫萝卜_哭哭],5
哇～卡哇伊??*,5
@ZzzzzzzzzzWIND,3
这类视频要从小拍到大，不说动物寿命短，这份心确实很棒！,5
@cpu温度32 nixihuan de,3
@Leagenck,3
@雾撞山野间,3
@Su_打水 [保卫萝卜_哇],4
以前养金毛现在养布偶，要是他们能见面该多好啊[大哭][大哭][大哭][大哭],2
救命让我想到了夏大野和宋小厌[doge],3
@喝牛奶的小蒟蒻,3
普洱（白）和秃头邪神！[打call],4
@满曳的小屋 好幸福,5
@-楚晚宁__ @今天也在想芽芽 suki！！,5
这不就是——吗？[脱单doge]（代死我了）,5
@选选要一杯下午猹 猫狗双全,5
@夏虫语冰_Official,3
[橘猫_贴贴],4
我们家某天带来了一只小猫咪，我家金毛相见第一天就把人家整只含到嘴里去了[笑哭][笑哭][笑哭],3
我爸妈家的小猫被我家的傻二哈咬死了[大哭],2
@hi银3,3
@春霖复秋雨_ 好可爱好可爱[保卫萝卜_哇],3
家里养了只雪纳瑞，后面又带回来一直小猫，每次在我妈年轻小猫怎么咬雪纳瑞它都不生气，很宠小猫，结果后面我妈出去了，回来猫被她咬死了[辣眼睛]都是装的,2
关于我的cp逐渐远离人,7
家里毛一定很多吧[妙啊],2
好有爱@楠楠pppp,4
@什么都不会大帅批 宝贝！养狗狗也要养猫猫,5
@Mar_ovo,3
组团偷狗，哦不，再加只猫,3
一只金毛，一只柯基和一直小奶猫，这是天堂吗,5
小时候眼睛又大又圆，长大后慵懒，我懂这是被噶了后的眼神[吃瓜],3
都养三只了，也不差我这一只，我接受绝育还不行吗[傲娇],4
@吃一个小果冻hh 好可爱,5
好可爱,5
up觉不觉得自己在这个家有点多余[脱单doge],4
@废柴Akane 可爱,5
和我们家猫简直是一个模子里刻出来的[喵][卖萌],4
@不被定义的美女,3
@二十六安,3
突然想到不知道为什么从没有刷到过狗在猫旁边长大的视频[思考],3
@米帝娜迦喝可乐,3
@为什么不成环,3
这么好的主人，他们很幸福来到这个家，要乖乖听主人话啊 不要乱跑,5
口是心非温柔爱而不自知傲娇霸总×懵懂天真爱闹撩而不自知娇气包联姻对象[星星眼][星星眼],5
@北岸初晴樱 @别吃了WBX 这也太有爱了,5
@一群小面包 好可是[2233塔罗牌_AWSL],3
活泼粘人的小猫咪我可以！[星星眼],4
"猫：旺旺喵！
狗：喵旺旺？
主人：(=?Д?=)",4
有没有大佬和我解释下金毛可以和小动物一起养吗？[笑哭]听过好多不好的案例,3
要是这只猫没有头上那一撮灰就更好了，纯白，可能是生的时候没墨了[doge],3
谢谢，给你纸，给你笔，接下来就不用我说了吧,3
@过劳死英雄-废渣MAN,3
@万丈秋野,3
以前我家也有一只奶猫和我家狗一起长大的，关系不要太好，猫咪经常躺在狗子怀里晒太阳，可惜没两年狗子在外面玩被人下毒毒死了，全村都知道是谁干的，就是没证据，从那以后我家猫可以说是性情大变，很凶，对新养的狗又抓又打，前年也死了,2
@雨落優伤 [星星眼][星星眼][星星眼][星星眼],3
幸福的一家哈哈,5
我（上台）（整理领带）（仪表堂堂）（清嗓子）（开麦）：好可爱!（掌声哗然）（聆听掌声）（鞠躬）（潇洒）（谦逊）（踩着干净的皮鞋离开）,5
想问一下性别以及有什么办法让猫狗相处的好,3
@看视频的Z,3
UT好评,4
这是有一只大橘头也不回的走了过去[doge],3
@董董董某人,3
@昭昭待月出,3
@专业偷猪贼-,3
@凤梨落雪碧,3
@konodaki_ 小公主和骑士！,3
@哲一,3
好可爱@给爷来件裘皮大衣,5
光是看着我就已经幸福死了,5
@我是一头攒死 代了代了,5
@老咸鱼骑士,3
最好的配置就是大狗带小猫,3
@DD得A,3
好幸福,5
大家庭啊！贴贴好暖心,5
不是说金毛嫉妒心很重么,3
哈哈哈 我家也是一样哦 很和谐 谢谢狗宝贝的宽容 我家是橘猫?两只白色小狗 （比熊+博美串串）跟up家的颜色相反[tv_微笑],4
@斯雷因Slain 理想状态 爱了爱了 图图能这么教会露娜么？呜呜呜 我看悬啊,4
还有一只猫猫是无法融入集体吗[吃瓜],3
看多了猫狗双全鸡飞狗跳的家庭 看它们这样好感动啊[大哭],5
合着你家猫也成精了,3
[大笑][大笑][大笑]太棒了！,6
[星星眼]谁不喜欢和聪明可爱的修勾贴贴呢,5
魂穿up，太幸福啦！[给心心],5
骑上大金毛去驰骋疆场吧,4
怎么感觉看过啊[doge],3
羡慕[热词系列_我酸了],5
我那狗天天出去找猫,3
@回溯春秋,3
@亢语山 dy也@你了，不过你不看dy,3
@爱画画的猫回 快看小可爱们。,5
金毛怎么可能会喜欢小动物，这是只假的金毛。,2
弹幕谁说的狗叠啊哈哈哈哈哈笑死我了无处不在乙游人,6
??,3
猫有自我认知障碍,3
我这里有瘦肚子秘籍，想拥有小蛮腰的宝宝??也抽空看看我的视频吧??,3
我的天看了五遍太萌了@yyyujk,5
@苹果核AA,3
想知道那個機器是什麼,3
第一眼看标题 我还以为是被被子养大的狗子长什么样,3
@ji叽复叽叽 太可爱了,5
看上了up主的不锈钢餐具啊 求链接 ！！！,7
@鬼鬼鬼郭嘉 嘿嘿 嘿嘿嘿嘿,6
猫的眼睛,3
真的好可爱啊,5
我就要过这样的生活！@准备剃眉毛,5
太幸福了,5
萌得我一脸血呜呜呜呜呜太可爱了啊阿啊好治愈??,5
好棒,5
@北上清云,3
好可爱！！！！！！n,5
千万播放！！,5
好可爱啊！！！,5
狗子带大的孩子不挑食,4
好甜[星星眼],5
我的妈呀好可爱啊[脸红][脸红][脸红][脸红],5
我靠，好羡慕啊，我也想同时拥有狗子和猫咪[星星眼],5
两只猫,3
卧槽千万播放了,7
首页通知书[脱单doge],7
我家小猫也是在狗子身边长大的 从小到大一直欺负我家狗子[笑哭]但是我家狗子一点都不反击,3
猫猫会不会认为自己是狗啊[思考],3
先养狗狗再养猫，好的学会了[奥比岛_点赞],4
@黃昏有畫意,3
卡哇伊[脱单doge],5
镜头外的一只失去了存在感,3
@とおさか0_,3
太治愈了！！！[保卫萝卜_哭哭],5
这个世界太疯狂了，狗子都当猫妈妈了,3
@桃浪叁V,3
阿弥陀佛,3
气死我了，我家也是从小一起养长大的，虽然不打架，但是我家猫从来都不爱叼我家的狗[大哭][大哭][大哭],3
我们家大橘也经常趴在金毛身上睡，整体一个色儿,3
太可爱了，快告诉我你家在哪里，我要去偷，额～不对…拐骗…拐带…拐……不管啦，我就要它们[点赞],5
太甜了,5
同学家的猫叫狗子,3
我不是来拆散这个家 我是来加入这个家的[喜欢],5
[保卫萝卜_哇][保卫萝卜_哇][保卫萝卜_哇][保卫萝卜_哇],5
@黎明Apostle,3
为什么有的狗子和猫天天打架[doge],3
为什么我脑子里会突然蹦出来生殖障碍？,3
整挺好[微笑],4
@姜太公来钓我 啊啊啊啊啊啊啊啊好乖啊,6
bgm一起我以为自己闹钟响了，浑身ptsd,3
太有爱啦,5
慵懒度日赛狗,5
因为这首音乐所以三连[脱单doge],5
@老jellyfish了 看这个！,3
@小腊吉 老公没找到你的艾特啦 不过猫猫狗狗不就是咱俩生活[喜欢],5
可爱到流鼻血,5
86.7万……,7
@小舟有欧气 太可爱了[大哭],5
我家以前养了一只母狗，一只小猫，那母狗确实把小猫当孩子了[微笑][OK],3
??：乌~~~汪！,3
@五色碗对作业恨之入骨,3
@niice明 [tv_害羞][tv_害羞],3
好幸福好幸福,5
好可爱,5
好可爱[惊喜][惊喜][惊喜],5
每次看这种宠物视频的时候都会感叹：人不如猫狗,2
这小猫好可爱呀！,5
我居然磕了猫和狗的cp[喜极而泣],5
温馨的一家,5
@15731845 救命，好乖,5
好羡慕！,5
这个饮水器怎么做的！我好爱的感觉！,5
我家狗上去闻一下猫猫，就被打了好几个大笔兜,3
跨越物种的爱？[疑惑],3
《狗里狗气》,3
哇，以后先养一只狗，养大了后再让狗养大一只猫，这样的猫猫肯定脾气巨好吧？[笑哭],4
怎么可以这么温馨可爱啊好喜欢,5
好可爱@哇大柚子,5
@黄瓜不吃饭 看看看,3
好喜欢猫猫狗狗[脱单doge]除了掉毛有点难受，可惜我自己都养不起，更别说猫猫狗狗了,2
@真的不喝可乐吗 好可爱,5
@白昼清醒梦,3
我家狗和猫咪前后脚来我家的，五年了……还在打[热],2
@泡椒q 理想生活[星星眼],5
我们五个能不能在一起[脱单doge],5
@花间明耶,3
[鼓掌],4
爱,5
@便利贴好啊 唔！太乖惹,5
小魔仙,5
萌萌哒,5
@顾沫酱酱酱 太可爱了,5
可爱捏,5
二哈和白猫,4
幸亏是金毛啊[捂眼],3
金毛到一定年龄之后就呆呆的,3
啊，好想拥有,4
太喜欢了！！[保卫萝卜_哭哭],6
救命，我可太爱了,6
有组队偷猫的吗[嗑瓜子][嗑瓜子],4
@plus迅猛龙 快来看看咱儿子和女鹅,5
我家狗和猫天天互相玩尾巴，狗子尾巴上的毛都快被薅没了[喜极而泣][喜极而泣][喜极而泣],5
@小扬爱吃糖_,3
狗狗好乖猫猫活泼可爱,5
和我家猫好像，好像白猫头顶都多少带撮黑[笑哭],4
在写了在写了,3
@磊克似班纳密抹抹十腊 太可爱了[大哭],5
好可爱啊！满满幸福感！这就是传说中的别人家的,5
真好,5
这个猫的棕红色瞳孔感觉很特殊[doge],3
睡觉的样子好搞笑哦,5
好可爱,5
谁说的普洱！！！,7
这个背景音乐,3
唉，迟早会面对那件事的,3
哈哈，狗里狗气的咪。[脱单doge],4
柯基好纯,4
这个曲子我真的会哭啊……我真的会哭……,2
我好想要啊[给心心],4
[脱单doge],4
我看过他们,3
@小风睡不着_,3
@Unraveling_,3
@她爱着大海11,3
被狗子冲大的小猫咪超可爱的,5
@山骓 这也太暖了,5
@爱吃肉包子的印度人,3
临清狮子猫吗,3
他们喜欢什么颜色的麻袋[doge],3
治愈，太温馨了,5
@同学你好你需要报警吗,3
我觉得挺好的，但我想了想得往跟人养，觉得麻烦，没在想养了。,3
我看成了被太子宠大的小猫咪[妙啊],4
@望江居stars,3
换个哈士奇试试[脱单doge],3
@Catsayerasd丶 呜呜呜呜,4
@咕叽咕叽鸡肉酱 贴贴,5
三只都超可爱,5
吃青菜的猫猫让我想到了大耳朵图图里面的小怪[脸红],5
呜呜这个超可爱@碧梧青竹凋且僵,5
金毛:今日份催产素,4
@卡卡囗 @喵句话呀 哈哈哈哈哈好可爱！,6
我可以接受四个人的生活[藏狐],4
BGM：传说之下,3
它好像知道自己很可爱????好想rua，太可爱了吧，大金毛和小猫猫,5
这只小猫咪被狗带大的，那么就叫她猫狗狗吧[doge],4
@ninepercent-龙之梦,3
霸道狗子和他的小娇猫[脱单doge][脱单doge][脱单doge],5
@Gadenlily 卡哇伊??*,5
让我加入这个家！[大哭][大哭],6
狗子流鼻涕了,3
狗越猫了，猫越狗了,3
我好喜欢这样的场景[不问天_大哭]不过更喜欢大的是猫，把狗子从小养大，狗子犯二的时候直接一套喵喵拳打上去[不问天_大笑],5
像极了二哈和他的白猫师尊，而且还是两只二哈，救命[笑哭],5
他们感情真好，哪像我家的这两只，[无语]每天干架要干掉好多毛,4
大猫和小狗就是不一样的场景了 大猫能把小狗给玩死[辣眼睛],3
@鹭e,3
金毛真的好温柔[给心心],3
也只有金毛有这么好的性格了，基本上猫狗和睦的都是金毛,3
@你的谎言那么动听,3
我家那只小猫也喜欢一直黏着我家狗,4
但是，猫当不吃肉的话会瞎的。,3
狗狗叠在一起的时候谁发了个狗叠哈哈哈哈哈哈哈操,6
好可爱！呜呜呜呜呜呜~,5
@Misa安瑾染 治郁,5
我真怕它汪一声。。,4
，，，为什么这个狗不会一口闷[脱单doge],4
[虎年][虎年][虎年][阴险][干杯][干杯][来古-呆滞][来古-呆滞][来古-呆滞][原神_欸嘿],3
好可爱啊,5
@托付科幻 @叶柒程 狗叠[doge],4
逐渐犬化,3
太太～看看～饿饿～磕磕～[我家大师兄脑子有坑_期待],4
想当年，我看二哈和他的白猫师尊的时候想象的画面就是这样子的……[笑哭],4
我一开始想到的是二哈和师尊。但是后来一想二哈也没有嗯，所以嗯,3
太可爱了吧[星星眼],5
@刘队长 可爱死啦,5
音乐是我们的上课铃[笑哭],3
说实话，狗子真的是很神奇的动物，它们能和很多动物交朋友，它们喜欢和其他动物一起玩。除了人类和狗子之外，没有其他动物能做到这一点[脱单doge][脱单doge][脱单doge],3
首先狗子性格要好，不然不可能有之后的剧情的[doge],3
"时雨  雪风  夕立
[doge][妙啊][doge]",3
前提狗不能是二哈[脱单doge],3
@shivennn,3
@Shivenn,3
叠狗头好可爱[给心心][给心心],5
好可爱[星星眼],5
让我加入它们仨吧，我想跟它们贴贴[保卫萝卜_哇][保卫萝卜_哇][保卫萝卜_哇],5
感觉像猫妹妹，有两个狗哥哥[给心心],5
和谐共处,5
咦咦咦，好可爱啊,5
我在想啊，等狗死了之后猫得有多伤心[捂眼],2
@少主今天砸墙了嘛 [脸红][脸红][脸红],4
@KU753,3
喵喵：举举，柯基：抱抱，金毛：高高,4
异类狼娃,3
它的眼睛是红色的耶,3
要相亲了吗？那么粘,5
我家狗子见到猫就叫，猫见到狗就爬高，俩人现在在两个房间王不见王。喵叫狗也叫，狗叫猫也嚎，狗子三岁了，猫才三个月啊！！！,3
代了，kswl,3
@Euphoria倥偬,3
啊啊啊啊好安逸啊[滑稽]@折折折折折折叶,5
这是什么猫[保佑],3
互相影响～～,3
曲对币有,3
为什么人家的猫和狗在一起这么温馨？而我家的一见面就开始互撕。,3
一片祥和,4
太可爱了吧！！！！！！！！！[脱单doge][脱单doge][脱单doge][脱单doge][脱单doge],6
好有爱,5
太有爱了！！,5
金毛是这样的,3
这个我突然想到了什么，但是我又忘了,3
@骡椤子 好喜欢[给心心][给心心],5
只要够可爱，姨姨们根本不在乎CP是不是人,5
@菌菌ono,3
十几年前看过类似一幕，那时我家养了条母狗，叔家刚领回来小猫，它就趴狗身上喝奶平时也是坐身上午休，那刻觉得挺有趣,4
我家的也是，狗已经五岁多了，猫才三个月大，混熟了过后猫就特别喜欢去薅狗的尾巴，狗呢，也不会对猫发脾气，哪怕刚见面的时候猫再凶，也只会乖乖在旁边待着，一直看着小的,3
喵好可爱哇[来古-震撼],5
可惜了[doge]生殖隔离[tv_doge],3
@英俊大饼夹葱,3
up一定给了它们足够的温柔吧,3
可爱捏,5
太治愈了[喜欢],5
@落风中,3
都好可爱吖[星星眼],5
His Theme,3
@today宜闪耀,3
啊啊啊啊 太好磕了怎么办,5
@浪漫没有边界,3
人生赢猫,4
好有爱呀,5
凯文和普洱,3
好可爱,5
这是什么幸福之家,5
这??用的碗和我家一样的[哦呼],6
@雾山五行之水行boy,3
哈哈哈狗叠哈哈哈双重含义哈哈哈,6
好呆萌好可爱,5
@我的猫不爱我TT,3
取对了必有了，而且这些宠物好可爱。,5
很q很q,4
狗里狗气,4
这猫给俺来一窝,5
治愈,4
[微笑],4
掉毛怎么收拾啊[大哭],3
@是彦祖哥哥呀,3
太幸福。,5
好有爱呀,5
@一如西祠,3
幸福…,5
关于我刷到的这个视频和上个视频内容毫不相干，BGM却一模一样[笑哭][笑哭][笑哭],5
@坠入奶茶河 好阔爱[给心心],5
呜呜呜杀我[星星眼][星星眼][星星眼],5
原来教育是讲究方法的呀,3
呜呜呜～梦想啊[来古-呆滞],4
狗叠哈哈哈哈哈哈哈哈[脱单doge],6
这是什么品种的猫咪呀，太可爱了,5
@当归-沐沐 好可爱[给心心],5
怎么狗喵狗喵的[打call][打call][喜欢][洛天依]@深海小肉丸 @一头胖鸽子,4
@取一名字六个币 我化了[来古-注意][来古-注意],5
一个月花费多少呀，我也想养狗子，就养一只。,3
这是……狮子猫？,3
传说之下音乐好评[doge][支持],4
轻置尊臀蹲个文[脱单doge],3
@Angel韩宝 @Lameld @忽而下雨 ！！！！！！！,3
跨越种族了啊[吃瓜],3
可爱[鼓掌][鼓掌],5
@珂君家的猫,3
妈呀 太可爱了吧[保卫萝卜_笔芯],5
金渐层：就当我不存在吧,4
@小杨小杨就要张扬 @胡小满,3
兄弟们，我准备写小说了。[doge],4
呜呜呜呜呜呜它好可爱(?? 3(???c),5
狗子是二哈就更好了,3
虽然看得很温馨，但我还是想说，我真怕小猫咪突然汪一声[脱单doge],4
好幸福啊哇,5
懂了，怕小猫不听话不敢养，以后先把狗养大再养小猫,3
千万别和二哈养在一起啊,3
能问下，我们俩猫狗一开始就打架该怎么办嘛,3
两个都是小可爱[嘟嘟],5
@llllllliang 可爱捏,5
怎么养的这么乖啊？我好疑惑,3
@叶池桑 跨种族可以磕吗,3
可爱捏,5
凯文和普洱，可惜普洱是黑的,3
我家是先有猫咪的，就算以后养狗了，估计也会被我的猫咪呼一大逼兜子[辣眼睛],3
@物理终结者hdhhd3 [tv_doge],3
狗里狗气,4
啊，我懂了,3
这个赞数有点离谱[笑哭],7
越看越酸，我家的猫和狗跟仇敌一样,2
@无趣狂风 @Baekhyun_yyy,3
@丶是柒七吖丶,3
@丿修杰,3
@啊DA云YA,3
@北城柠夏 好可爱[捂眼],5
@蓝不知月,3
@下开雨了 叠猫,4
好玩儿,4
这是啥品种猫猫,3
@抱紧羊羊 是不是很可爱,5
@往玄 以后真想都养…,3
我以前也有一只，但是现在再也见不到了。遇到黑心宠物店了,2
好宠，好磕,5
好治愈[原神_哇],5
我的天呐，太有爱了！,5
@帅气年糕好喜欢黑怕 @湘妃竹竹,3
"“我都说过我长大了！”
“好啦知道了，过来吃饭”
“哼，不理你(╯3╰)”
“你记不记得……”
“啊啊啊啊，说了不提了的！猫圈都没法混了［气鼓鼓］”
窸窸窣窣
“一起睡？”
“哼”",5
@碧棺左马刻的狗 卡瓦卡瓦,5
这是什么品种的猫啊,3
好可爱呀，太可爱了，可爱死了！！！,6
有这条件还要啥自行车,3
@lulu今天学习了吗- 好幸福的亚子[给心心],5
确实大,4
哈哈，右上角不会是那个漫画吧？小白这么懂！,5
"图形处理软件——美图秀秀
压缩包处理软件——2345好压
社交聊天软件——微信（手机版）……
看来看去，好像最有用的是雷军的WPS[笑哭][笑哭]",2
其实真的很好奇，能打游戏吗和剪视频吗,3
早～ 上班途中正好来看看华为新出的鸿蒙电脑如何！,5
富哥的大玩具[吃瓜],2
我先来，跟华为沾边儿，一看就没什么用[傲娇],3
现在还很清净，水军冲击时踢我一下，来看赛博斗蛐蛐[doge][doge][doge],3
"周边硬件没得说，双层柔性OLED，28瓦性能释放，成本怕是非常高
最大问题就是生态了，感觉能用起码得等五年
可惜华为用不了intelAMD和windows了，不然这玩意装上AMD的U那就是真神了",3
感觉像奢侈品了,3
"以前的数码科技爱好者是会幻想未来感的产品形态，看到一个新玩意或者黑科技会想了解它是怎么玩，背后又是怎么做出来的。
可现在的“高素质数码科技爱好者”似乎连把玩欣赏新玩具的乐趣都彻底丢失了，眼里只剩下几个品牌logo和虚无的捧踩大战了……
叠甲，我现在用的小米手机，“华为硕士”幻14笔记本和macbook，华为平板……回归产品本身，能看到让人眼前一亮或是有惊艳感的电子产品本身难道不是一件有意思的事吗？退一步讲，这玩意现在生态不成熟，实用性差，但它又不会影响我去买到便宜实用的常规win笔记本。幻X，visionpro……太多的产品我都根本不会去购买，但我不觉得这些东西被设计制造出来是个错误，也不会觉得买它们的人就是脑子不正常。我希望有能力的厂商去探索设计各种新鲜的东西，反正又不用我承担研发代价。卷配置和创新都是有意义的事。",6
[doge_金箍],3
已经入手了，十几年苹果老用户想转投华为了，手里mac和windows本都有，纯粹是买来体验新产品的，拿到手确实很震撼,7
高考前最后一期[洛天依·戏游九州动态_收到][洛天依·戏游九州动态_收到],3
第一次看电脑评测不说硬件参数的,2
《全球计算机水平降低一万倍，而我展示窗口切换惊呆全球》,1
国产做什么都要被喷的，想起了以前的屏幕，只要用国产屏幕各种喷，用三星边角料就是nb，[抠鼻],5
这玩意服务群体是…,3
华为内部全用这电脑，视频也不剪了，系统也不开发了，工程文件也不看了，微信也不装了，每天上班就是切换页面，太酷了,0
"我又想起了前几天出的一张梗图：高考考完后一群小登带着老登买电脑完事发现游戏全都不能用
[doge]",1
线下看了，股票软件是平板的版本[藏狐],3
评测一下性能不方便吧,2
也就半个机盖的💰,3
新系统适配烂不是人尽皆知的事情么，但总有一些用户是多持或者需求是能被当前适配水平覆盖的，电脑买来后就看个网页、图表、视频、qv的用户真不少，像我也是干活打游戏用win、躺床上看东西用mba，不就图个轻薄好屏又没风扇嘛，这步跨出去，兴许能慢慢做起来，迈不出去就注定永远都会那么垃圾。,4
其实没必要老阴阳性能，那苹果芯片性能那么牛逼，近些年也没见有啥创新呀，螳螂有句话说的好，改变就是好事，你总比啥都没有强吧，如果你以后有钱了，你起码还能有的选择，而不是只能在一堆平平无奇的平板机里选，你总不能觉得自己就没机会出人头地了吧,4
绷不住了，最具生产力的软件是雷军的WPS，哈哈哈[笑哭][笑哭][笑哭][笑哭][笑哭],1
我觉得这玩意比三折叠性价比高，讲真,5
一群人带节奏这不是电脑是平板，你们tmd说出来定义啊，大屁股显示器时代那也叫电脑你们咋不用呢，为什么它被淘汰了呢，更轻更薄更便携就是主旋律，多背着你们的游戏本跑来跑去（不累，一点也不累[吃瓜]），这时候就要用你们常说的那句话，别的厂商不跟是不喜欢还是做不出来呢？,4
绝口不提的性能,2
"评价：
你想要软件生态，选win
你要打游戏，选win
你要生产力，选win或者mac
你喜欢便携，选win掌机，win 2合一笔记本
你喜欢华为……那么，用华为的旗舰手机和在上面选一个
你喜欢支持国产，那么看看兆芯（x86_64架构的芯片）
所以，这个电脑有什么市场是可以占的，卖给谁?",1
我先来，什么你的logo是hw？那你这个产品肯定不行[蹲蹲][蹲蹲][蹲蹲],2
性能续航是什么不可言说的东西吗,2
所以呢，电脑不测性能？,2
听说目前还没法用微信 是真的吗？？[笑哭],2
党政机关的办公电脑什么时候能用上鸿蒙系统？现在的统信系统简直把人折磨到死,3
评论区似乎很担心会有人被坑 却没人想过怎么会有人买个两万的东西不考虑清楚需求？,3
评论区难绷，一个新系统才发展几年[笑哭]本身系统完善程度就跟用户搭边，你不拿出来卖增加用户量更不会有人给你适配，但是消费者这边就也挺难受了生态不完善软件不多是初期最大的毛病，但是没办法为了推新系统只有这样了,4
电脑风味平板,2
鸿蒙电脑，或者说鸿蒙系统的愿景是，同一个系统打通平板、手机、电脑，即一套系统适配在三种不同形态的设备上适配不同的应用场景，举一个例子就是安卓手机，安卓平板，安卓电脑，这一套共享应用生态，即你在手机上打的游戏，放到电脑上可以继续玩，同账号，同仓库，例如三角洲就是手游、windows打通一样的原理，华为想通过这套系统串联万物，让设备仅通过形态区分，共享生态，好处是设备会更加易用便捷，开发者无需多端适配，设备间流转会更加高效，应用生态更规范、更安全，坏处就是自由度会下降，推出鸿蒙系统的举措既是华为对于自身生态壁垒建设的重要一步，也是所谓的“第二代操作系统”的第一步，后续能怎么玩，会发展成什么样，其实对于科技爱好者来说都很值得关注,5
华为公司内部什么时候全用鸿蒙pc了我就换,2
登个QQ，您猜怎么着，手机QQ退了[支持],1
这个用的是麒麟X90吗,3
评论区貌似陷入了一个误区，就是华为的非凡大师貌似本来就是奢侈品啊，面向大众的明明是7000那个本,3
太好了，又是我最喜欢看的年薪十万教年薪一百万花钱的环节,2
《你不是目标用户》《这是给大老板用的》《我身边的人都在用》请选择发言语句[大哭],2
高端人群对电脑的需求你猜是什么，看看你老板平时用电脑用来干嘛,3
讽刺的是，唯一算是能用的办公软件是雷军的WPS[吃瓜],1
弹幕雷军开源是同一个人发的[喜极而泣],3
个人觉得，鸿蒙电脑实际上和摩尔线程与龙芯走的是一个路子。只是华为的体量更大，带来的流量和曝光度更高。性能和生态都是这三个产品，需要时间去堆砌积累，需要人才加入的。对龙芯和摩尔线程的包容，也是对鸿蒙电脑的包容。他们都是自主生态不可缺少的一环。消费者可以选择更占有优势的win或mac系统，又或是n卡和英特尔芯片和amd，但这些自主力量壮大起来绝对会影响这些西方国家产品，就像新能源汽车一样。,5
"你们都在开玩笑，只有我真的买错了啊[胜利][大哭][胜利]
[doge][doge]",2
《你不是目标客户》《商务人士》《华为主营业务又不是手机》,2
黑神话悟空会不会适配这个系统啊，毕竟这可是国产的操作系统啊,3
所以这个笔记本的目标用户是喜欢玩折叠屏不办公不打游戏光看视频的用户吗？[热],1
UP怎么没提那个200W像素的摄像头？🤣😂😂,2
一个新的简装毛坯房，大部分人都想要一个精装房直接入住[笑哭]一点机会都不给么？,4
能带的动普通端游吗[妙啊][妙啊],3
小折叠、阔折叠、大折叠（内）大折叠（外）三折叠（Z）超大折叠，6个品类。供你选择。,3
总有人以为电脑是用来打游戏的，我自己买轻薄本都是买核显的，就是为了一个便携，你要打游戏你家里没有PC吗。按照b友们的看法，那我可能真的是有钱没处花了,4
《电脑》,2
我希望华为手机卖2w起步，笔记本5w起步，不要再出低端机了,1
买得起两万多电脑的家庭，有些人来了一句，真可怜，花两万买的电脑结果发现不能玩3A大作。那我的MacBook pro也可以丢掉了，太垃圾了。,4
说到底就是一个大号平板，别扯什么电脑了,1
说大号平板的平看完测评在做评论[吃瓜],4
这就适合啥也不干不玩游戏，不办公，就追剧的人买来当玩具的，管那么多干嘛,2
能打 3a 网游吗,3
惊艳的产品，不过生态问题注定玩具尝鲜属性远强于实用属性,4
不知道需要多长时间鸿蒙电脑可以满足大部分学生和上班族的使用要求，游戏可以放到最后来,3
遥遥领先,3
性能评测，谢谢,3
价格3倍，差距有点大[笑哭],2
支持国产自主操作系统[打call][打call][打call]系统交互这方面鸿蒙next做得真好[支持][支持][支持]软件生态慢慢来吧，毕竟是一个新生系统,6
纯鹿人，有什么是这个电脑可以做但是鸿蒙平板不能做的吗[笑哭],2
来个折叠电视机 折叠汽车 真的太伟大了[点赞],2
弹幕真的懂生产力吗，并不一定敲代码才是生产力，看视频一样可以是生产力，电脑只是个工具，能赚钱或者变现就是生产力,4
"鸿蒙PC目前这个情况（综合性能、生态），文科生可以买。轻薄、长续航，最重要的是屏幕够大，看文献码字完美适配。这就是十年前时兴的上网本、超极本概念的终极形态。
理工科等生态稍稍完善以后，如果能把任务放到远程服务器上跑，勉强也能用。
非要说玩游戏的话，红警2、植物大战僵尸这类老游戏模拟运行无压力，而到时鸿蒙手机上那些移动端游戏也会陆续上架。最后再不济还有云游戏可以弥补部分需求-毕竟买得起这种电脑的，再掏点小钱包月云服务器应该不是问题。",5
我一直用的轻薄本，轻度游戏，当时买的时候就图它轻巧屏幕大分辨率高，用来看剧码字都挺不错，之前一室友说我电脑连3A都玩不了，我寻思我用轻薄本有错？？？[撇嘴],4
适合老板但不适合打工人,3
这个价格和性能，苹果都™有性价比了[doge],1
可以说重构了电脑的概念，windows已经可以扫进历史的尘埃了！,6
隔壁短视频一堆博主搁那疯狂切窗口，“哇，太流畅了！”[笑哭]还有快捷键有文字提示又是一堆人大夸特夸[笑哭][笑哭],1
🌸已经彻底沉迷于他的折叠屏世界里而不知天地为何物了[喜欢],2
苹果呢？苹果赶紧搞点折叠屏整顿一下市场吧！华为这种性能的电脑都能买两万多，你干嘛去了？还有小米，快点出折叠电脑，赶紧让大众用上折叠大屏,2
评论区也不用杠，再怎么杠你们也不是目标客户。看一个新奇不好吗。真卖的不好过几年淘汰下来便宜了买个二手当个大平板不也挺好的。,4
微信都用不了，这也能叫电脑？,1
定价太低了，明明有钱人钱多的花不完，而且还傻，顶这么低的价格这是便宜富人啊,1
最重要的性能测试 咋没有,2
线下我已经摸过这个大折叠了，质感和屏幕都很不错（刷新率低了点但是不玩游戏就无所谓了），折叠技术也很惊艳，可以说华为在折叠这一块真是全球霸主地位了。如果这个当成折叠平板来卖，一万二的价位那我是一定会入手一个的，但是作为PC来卖而且卖到了两万多，那我就偏向于告辞了。还有用这个虚拟键盘长期打字，明显就当成普通版matebook来用了，浪费一万多块钱，而且怕是烧屏会很快，绝对不建议在OLED屏来这么用,4
打游戏的就知道打游戏了，你去看看华为以前的轻薄本就能打游戏了嘛？,4
8848没歇逼 重新进入大众视野[呲牙],2
就不说游戏了，网银、密钥u盘、加密红盘、财税专用的针式打印机软件和配套驱动、大容量光驱、仅ie可访问的奇怪后台、ntfs制式u盘、硬盘、中大型网络打印机驱动、含vba公式或验证的excel文件、非常见编码的记事本、各类不同编码的视频文件等等稀奇古怪的，但真实办公中会遇见的东西，当下的鸿蒙生态做的如何呢？,2
在客户面前拿出这台折叠电脑，聊天都能多聊一会儿。,5
电脑形态下甚至下载不了微信[笑哭],1
评论区的华为粉丝觉得大老板只需要用wps就够了，南蚌了我看，这笔记本oa都用不了吧,1
对于绝大多数普通消费者来说，Windows永远是第一生产力,3
这玩意就是买来显面儿的，不是讲究实用的,2
看了半天没看到跑分性能环节总感觉少了点什么,2
这有钱为什么不配个全能本+台式机,2
这种产品形态创新，在我这种数码老炮的眼里，真的是非常令人兴奋的，当然不排除这可能是个伪需求。但是新的产品形态都是在质疑声之中成长起来的。重要的是打开封闭的内心，去体验，去感受，而非高高在上的质疑。,6
这价钱，我都可以配上华硕好的台式机和笔记本电脑了，或许剩下的钱还可以吃上几个月的饭。[doge][doge][doge][吃瓜][吃瓜],2
电脑风味系统[微笑],2
鸿蒙系统给我的感觉就是，无论你什么时候开始做，只要是想做国产系统，就是要经历这个阶段的。,4
估计WPS都费劲[吃瓜]。,2
相比之下，mac居然有了性价比[喜极而泣],2
这钱还是好挣，能说就进账,2
这么大的双层oled，光这块屏幕就值两万多，哪怕只是一块折叠的显示器都是一个合格的商品[doge_金箍],5
华为之前吹的应用流转怎么真纯血鸿蒙上就没了[doge]是因为没法调用安卓的接口了吗,2
“要不是雷军，华为的笔记本根本做不起来。” 以后我就多刷这句话了。[点赞],3
我认为华为这么做是对的，你不可能做一个普普通通的笔记本，让大家买一个和别的笔记本外观没什么区别，生态性能都不如别人的产品。你必须做出来人无我有点东西，必须做出来差异化，这部分差异化的受众人群少，也代表你是有继续发展pc的决心的。如果做成和别人没有区别的产品，那你的生态永远也不会适配好。先满足一小部分人，慢慢再去适配发展，满足更多人的需求，需要时间。但是这条路我认为没有问题。,6
买错了，买到华硕了[笑哭],3
风味电脑[热],2
看都没看完就直接开喷了，自己看看能不能用再说吧[吃瓜],4
评测博主此刻像极了给领导写材料的打工人，大纲、内容、优缺点都已经定好了🙂‍↔️,2
看了很多测评没一个讲续航的,3
赛博尤物,4
安兔兔跑分跟丐版mac mini m4差的有点多啊，而且mini只要2600[笑哭],2
感觉和泡面特别搭，泡的时候可以当盖子，3分钟以后，一边大屏刷抖音一边吃泡面，吃完泡面盖子一合回书房继续写代码[星星眼],3
残疾人怎么呼出键盘,2
点赞三万才有麒麟x90，现在才三千多赞，估计性能测试遥遥无期咯,2
13:16 上镜了[Mygo表情包_抹茶芭菲]【【纯血鸿蒙Next】Llama.cpp | 本地推理大模型 | CPU：这辈子没受过这么大委屈-哔哩哔哩】 https://b23.tv/y1oZZln,3
临近高考发这种东西的公司是真的恶心，那些中年家长给高考完的学生买，那就完蛋了，要么半价出二手，要么大学四年不用上课了。,1
这Pad不错啊，怎么那么多人喷啊，除了华为还有比这更好的国产Pad吗[喜极而泣],5
售价和性能不匹配而已，这玩意卖1w以内绝对不会有这么多人骂，2w以上还是靠老板支持吧,2
"大家萝卜白菜，各有所爱。
我的个人看法是
目前新个der
持续观望吧",3
看评论区感觉某些人的思想就是这产品只要是华为的就是好[尴尬],2
我第一次在轻薄本测评评论区里看到问能玩黑神话不，那玩不了黑神话的电脑多了去了,4
目前来说就是折叠平板,3
难绷，剪映那里还卡[喜极而泣],2
安兔兔跑分，对比国补2600的丐版mini m4[捂脸],2
就目前，真的就是大玩具，对普通用户差不多没什么实用性,2
侧载那个视频在哪啊，好像没找到,3
话说鼠标怎么连接，星闪/蓝牙？,3
如何呢,3
我承认它很尊，但是用起来还得是我这款[滑稽],3
对于一个重度3D建模用户，此款电脑的优势在哪里？,3
虽然我天天拼好饭，但我还是着实为富哥担心，高考后提完两万商务本玩具就没钱买性能本陪我玩原神了,2
这个平板用的啥处理器,3
能CAD吗？win系统软件有多少可以用的或者替代的,3
这个点发？,3
反正鸿蒙电脑是第一台我在产品参数里面找不到CPU型号的电脑 大哥两万三的电脑啊 你连CPU型号都不告诉我？,1
发现华为的问题都可以概括为你不是目标用户[星星眼],2
建议巴黎世家出电脑[doge],2
不看价格和性能，说实话还是挺有意思的,4
WPS+爱奇艺启动器[嗑瓜子],2
我只好奇配置是什么？为什么电脑测评不介绍配置？全部都是一些虚头巴脑的体验式内容，核心和重点都没有说,2
表面生产力，实际爱奇艺，都差不多,2
跟华为手机平板搭配起来用，多屏协调起来，生态也还好，我感觉很不错,5
小众产品，目标客户群体不大。也很难评价他好还是不好。我反正不是目标客户。,3
额，话说这个玩中国象棋是不是特别爽[蛆音娘_滑稽],3
这个折叠电脑最大的进步是交互的完成度，已经完全可以商用面向消费者了。住于其他的其实不重要，因为本来也没啥市场,5
[星星眼],5
这不就是个大号平板么？电脑生产力工具它能用哪些[辣眼睛],2
这个本身就是一个概念性的产品，还有很多升级优化空间，未来肯定会改善，华为可能根本不在乎它的销量和受众，为什么那么多人关注它的性能和受众，而不关注它对电脑形态和交互上的创新呢？[思考],5
这东西和vision pro坐一桌,3
我不是受众，8848是这样的[笑哭],2
"打游戏的用这个就别想了，这玩意跟MacBook一样，根本装不了steam和e宝，主打的是生产力和办正经工作的，本来也不是给你们这些臭打游戏准备的。

这个本最大的意义在于国产信创和全自研产业链替代。大头也不是零售消费者，而是to B那边的政企采购，买这个起码比买良心想要来的划算。",4
可以买一辆还行的二手车了,3
"AI课代表总结：
这里是华为MateBook Fold非凡大师和MateBook Pro两款鸿蒙系统笔记本电脑的深度体验报告，重点解析其创新折叠形态、大屏显示技术和系统交互设计  

要点：  
- 华为MateBook Fold非凡大师采用18英寸3.3K分辨率双层OLED柔性屏，峰值亮度达1600尼特，支持10-90Hz LTPO动态刷新率，展开状态下厚度仅为7.3mm  
- 折叠形态提供13英寸便携模式，配备反向扭力铰链实现30°至150°多角度悬停，折叠时自动吸附App至对应屏幕区域  
- 鸿蒙系统独创1358手势操控体系，包含单指/三指/五指抛甩、悬浮窗口切换等便捷操作，支持AI降噪人声分离功能  
- 生态互联展现跨设备协同优势：键鼠共享、跨屏拖拽文本图像、眼动追踪自动切换设备焦点  
- 应用适配呈现差异化策略，专为电脑开发的WPS、剪映等应用已成熟；依托鸿蒙开发规范的多端部署App实现&#34;一套代码适配多屏&#34;  
- 商务场景针对性优化：超大屏适合股票行情查看、分屏会议记录等场景，MateBook Pro版本主打轻办公需求，整机重量仅970g  
- 系统底层兼容Windows虚拟机方案，支持Office全家桶运行，但存在GPU识别限制和性能损耗  

观点：  
这款搭载全新鸿蒙系统的折叠屏笔记本在硬件参数和交互设计上展现了明显突破，尤其在大屏显示技术领域达到行业标杆水平，但在专业软件生态构建和第三方应用适配层面仍需持续深耕，预计将成为推动鸿蒙办公场景落地的重要里程碑",3
雷总不赏脸适配，鸿蒙pc连办公都做不到，彻底沦为joke,1
挑剔的是主顾。没想到评论区这么多人想买[doge],3
是这个吗,3
"补充一下
①要买东西一定要领取了国补再下单，直接立减20%! ②京东搜“购物红包912”领取手机，电脑，显示器等国补资格",3
冷知识，这玩意就是类安卓系统，啥都干不了,1
只要是华子的产品看来都回避性能评测啊,2
现在电脑也不能提性能了[doge_金箍],2
电子工业垃圾,0
今天去买华为电脑，可店员一直给我推荐这个。说这也是华为的。兄弟们我是不是被骗了？,3
能用wps还得感谢雷军赏饭吃，要是金山不给哄蒙做适配这玩意就b用没有了,1
华为加油,5
秒赤[doge],3
商单无参考价值鉴定完毕[doge_金箍],2
我觉得数码up主应该挺喜欢华为的，因为华为是真能创新啊！[支持][支持][支持],6
这货到底是是CPU什么GPU？ 为什么所有UP没有一个敢说的？,2
找不打应用场景,2
这屏幕值10000了吧,4
哈哈哈哈竟然有我做的米哈游启动器[滑稽],5
第一代产品是这样的，没生态。不差钱的可以入手，当做超大号平板或者自由移动的显示器就行。刷视频看小说漫画，轻办公,3
[doge]嗯 和三折叠出的时候味差不多了。可惜三折叠又大卖了。,4
真正的遥遥领先，相信花粉一定能买爆,5
这才是创新 这才是真正的电脑,6
很好奇这个性能能不能打过4060？,3
我们又赢啦,2
up你这条视频是用这个电脑剪的吗[思考],2
PC风味平板,2
我一直以为贵的东西的缺点就是贵，直到看到这玩意[笑哭],1
语言的艺术：跑到40W功耗相当顶的。。。。。芯片是以功耗决定性能的？ [doge_金箍],2
华为的恩情还不完🖐🏻️😭🖐🏻️,2
这么多人纠结平板和电脑区别？那谁来给我区分下这两个的定义区别？,3
世界第一电脑无敌,2
这种毫无竞争力，超前摸索的产品，或者说秀肌肉的产品，甚至可以说不准备有什么市场，为啥对这东西这么恨[笑哭]     难道单纯恨华为？[笑哭],4
都是华为平板电脑，其他重音在平板上，这个重音在电脑上[doge],3
盲猜肯定有人说“你不是受众群体。”“有钱人不在乎性能 ”又要被定义了[吃瓜],2
"我是不懂电脑,臭敲代码的,反正我会买[吃瓜]",5
但凡你这本价格在1w，能流畅玩原神，我还真愿意来支持下，但我现在严重怀疑你连方舟都运行不了[笑哭],2
啥都没适配就端上来干嘛，几万块买个泡面压？,1
[doge],3
只推荐hw粉丝买[喜极而泣],2
各位有钱的花粉快冲啊，别光是口头叫好。表忠心的时候就只说话不行动了[支持],2
别问，问就是新系统没适配,2
Mac book Pro和幻X2025最有性价比的一集,2
不懂就问，为啥说18英寸的oled量产是奇迹呀？市面不是好多32英寸oled的显示器吗？没明白,3
这几天本来想入手一台但是确实觉得很对不起这个价格，不是买不起或者舍不得，先不说性能怎么样，本身这样形态的笔记本我也不苛求性能，但是应用适配真的不行，我现在想要一台平板，有一台m4的ipad pro，本来想想买这个取代掉ipad pro，我都不敢奢望说取代我的macbook pro，就取代下ipad，但是lightroom没有，我哈苏的那个官方的修图软件也没有！剪视频可以用剪映稍微大概剪一下，我也能忍，哎！但确实一个像素蛋糕可以用来修图我实在没法下决心买，这个电脑让我想起来我在2013年买的第一台macbook air，也是这儿个软件没有，那个软件没有，结果搞个虚拟机或者很多人装双系统，软件适配真的还有很长很长的路要走，如果在2013年那个时间节点我肯定毫不犹豫会买这个电脑，只要可以用wps全家桶对于那时的我就足足够了！但现在我真的很难下决心买这个，轻薄对于我来说用处就是出去拍摄时可以带更轻的装备但还是要有一定的处理图片以及视频的设备！相对来说目前我这个ipad pro确实更适合我,2
昨晚刚在线下店看到，实物巨帅，华为这几个折叠屏有点j36，j50百花齐放的感觉,5
请欣赏 真实评价[doge_金箍],3
我觉得抛开价格不说还可以[笑哭] 综合了挺多mac和iPad操作逻辑和手势。最难绷的还是今天看到有自来水说iPad OS26有鸿蒙PC内味道。倒反天罡给我整笑了,3
都是买来玩儿的，过一个月再来看有几个买来用的。,2
阿里郎风味pc，忠诚！[调皮][调皮][调皮],2
不觉得搞笑吗这玩意[思考],2
什么叫营销之神，缺点再多也有人买都能自适应,2
不知道是不是看错了，感觉开窗口掉帧,2
这台HUAWEI MateBook Fold的系统镜像，我在华为官网并没有找到，有哪位大佬能不能搞到，我想下载一个来玩玩,3
所以这是平……板？[藏狐],3
不是一个大号平板有必要搞这些折叠吗，除了增加售价我真的想不到这个折叠的意义,2
在它面前，rog都显得有性价比了,2
华为是不是在折叠路上深耕了[doge],3
？不是双层才不容易烧屏么,3
"屏幕维修成本+时间＞机器
触控屏很牛逼❌
打字没有手感✅
我们贡品的系统不好吗？当然好！他有 Linux&amp;Mac 融合版 os！（大喜）",2
难怪最近手机app软件更新慢了一点。又抽调了一些人去适配电脑了,3
喜欢的赶快入手，我让出一个名额,3
或者是测试一下跑数据库,3
测试一下游戏性能吧,3
太好了，又是我最喜欢看的认为老板用电脑只刷视频、一点工作不做的环节啦[打call],2
"这个折叠电脑看起来真的爽。可惜刚提了问界M8，钱包一下子凹下去了。目前还得节流啊。
要不抽一台？",5
反正win本我也有，我倒是愿意买一个来玩玩，现阶段它肯定不能作为你唯一的一台电脑,4
希望能快点出台式，有些工作还得是台式机,3
说是电脑，看下来不就是个可折叠大号平板吗[笑哭],2
虽然价格上贵的要命，但其实高级啊[饿殍表情包2_呜呜]，哎对了，说到高级~[饿殍表情包2_坏笑],4
感觉像个大号的平板[笑哭][笑哭][笑哭],2
年轻人的第一台8848,2
除了看电视看不出有什么其他玩法但看电视应该很爽,3
虚拟键盘是否能够盲打？打字速度和实体键盘差异多大？出差的话，实体键盘如何携带？这些真实使用的问题视频里面并没有回答。,2
半产品就上市了,2
加油，华为！挺住,5
大号平板罢了,2
老在说“大号平板”、“跟平板有什么区别”的人，连最基本的概念都没搞清楚，几乎可以推测平时就没怎么用电脑。这个问题甚至跟“鸿蒙”都没直接关系了，可以直接放到所有品牌、所有系统上去。,4
切准需求的话是很好用的，特别是知道WOA虚拟机可以加域之后。现在的问题就是怎么买到。,4
看得出来，华为的硬件和系统都已经建立起来了，接下来就是生态了。现在起步很好，自身研发实力+加品牌号召力（市场认可）+政策大力扶持，赶超国际一线品牌指日可待。自此，中国科技不再是跟随者！,6
1080怎么这么糊？,2
Adobe 支持吗,3
屏幕确实可以 但也只剩屏幕了,2
"接下来重点应该放在鸿蒙PC生态了，同理手机生态，可不是那么容易建立的而且甚至比手机生态更难，毕竟还有科研需求，国内替代厂商开发出来后部分没问题（中望CAD），部分广泛应用道阻且长（scifea有限元模拟，现在多为abaqus、ansys等）（当然也需要科研人员们的支持与我国科研话语权的提升），但华子加油，开发者友商们加油

短期内我也悲观，但长期来说我是乐观的，相信华子肯定也看得更远。因为国内有中科院，有电影协会，都是推动原创的动力。所以说工业设计软件、视频制作软件等生态道阻且长，现在是国内厂商做出来了（https://baike.baidu.com/item/SciFEA/6371264），但市场认可度不够，科研界认可度不够，首先应该鼓励高校教师用起来，对比一下精度如何，只有差不多或者更高之后科研界才会认可，用的人才会更多
再说了军工领域的专家们肯定早就认识到了这一点，也八成完成了国产替代，比较这方面保密性极高，同理也会从高保密性向低保密性逐渐替代。至于电影制作的软件嘛……这方面说重要也重要，说不重要也就那样，不过国家电影局估计在球2之后也意识到了这点，也在紧锣密鼓开发中。",5
玩一年不得打5折？,2
起码市面上还没有能开28个窗口🦌的[笑哭]这也算创新吧,3
不是说QQ登录会顶掉吗,2
剪映那里是不是卡了两次,2
大号平板,2
[笑哭],3
早上好[吃瓜],3
来，3000，给我一台全新的thinkpad z16 4K触屏 r7 7840hs处理器的版本,2
诚问：兄弟们有没有懂那个毒蘑菇是怎么回事，很多up在发毒蘑菇测试很卡，我看有说是浏览器的原因，也有说是解析层面的原因，还有说性能的，有大佬给详细展开说说么，感谢感谢。,3
"并非什么都不缺了，还缺个macmini的竞品
也就是跟笔记本一样性能的居家小巧轻办公主机，并且能配合笔记本行程居家和外出丝滑流转。
在家里打开的软件啊，网页啊，各种应用，包括各种设置，同账号的情况下，都直接同步到笔记本上。",4
我眼睛受不了频闪，请问用这个可以吗,3
这要是说句实话。不得被喷啊[doge_金箍],2
一台商家炫技买家炫富的产品，有那么多人纠结性价比，也是够闲的[tv_doge],3
总而言之就是，鸿蒙系统从没打通过什么手机、平板、电脑的生态。。。实际就是华为设计了一款鸿蒙手机，然后把它做大了就成了平板，再接个键盘就是PC。。。。本质，还是手机,1
hw他敢去尝试，敢去创新我就敬他是条汉子，现在最直观的感受就是，真的很少厂商在尝试新的东西了，不管几折，敢于打破传统去投入真的挺戳我心的[打call],6
装10个不同银行的网银，和用友，管家婆，试试会不会卡,2
这台目前成本得一半都在这个巨大的双层oled折叠屏上吧[哦呼],3
这价格轻办公，重啥呢？游戏也玩不了啥，看视频两千块的pad足够了,2
国产崛起[支持]民族品牌目标用户是爵士，我这种打工仔还是买苹果吧，同价位里相比其他轻薄本苹果性价比真的无敌[doge],4
谁发的国补2000块到手[笑哭]是不是少看一位数,3
与其说是电脑，实际就是电脑形态的平板,2
看完这个视频，我只有一句话想说，金凡出来挨打,3
续航这么重要的没有？,3
不懂就问，这个大平板的适应场景是什么[喜极而泣],3
视频咋没有性能测试？,3
这要是屏坏了，换个屏不得万把块啊？,2
不缺钱的可以买来玩玩，一般人就算了,3
如果一个新的操作系统一发布就可以很好的支持、适配其他平台的软件及工具，这应该会更奇怪，更遭人质疑吧。生态这道难题应该是新操作系统必经之路吧，没有人一生下来就学会奔跑，只能说慢慢来吧，生态发展道阻且长。其实这不也是件好事吗？给消费者更多一种选择未尝是件坏事。,5
感觉MateBook Pro顶配努努力还能冲一下（我20年买的MateBook X Pro也是一万多），X Fold非凡大师还是留给富哥好了[笑哭],3
现在评测轻薄本都不测续航了吗,3
一堆典中典的教别人花钱的又要来了[吃瓜],2
艺术品[doge],5
打大型游戏发热严重吗,3
可以玩穿越火线吗,3
我只能说实物太震撼了，以后要是三折不敢想[喜极而泣][喜极而泣][喜极而泣],6
《买前生产力，买后爱奇艺》[doge],2
买这电脑是喜欢开网页点叉再打开吗[抠鼻],2
还可以，那个mate book pro能5000多的话可以拿来尝鲜,3
完全闭源的电脑真的是无敌了👍你但凡兼容个linux都好啊,1
一想买台电脑然后打开应用商城装软件我就绷不住,2
还是那句话，未来可期未来再选,3
这玩意发热如何？电脑发热好像都不小吧？,3
等你换屏幕的时候，看到价格你就会哭了，现在觉得很受别人的瞩目，别人投来羡慕的眼光,2
登QQ  手机端会被挤下去吗,3
这才是，真，平板电脑！,3
matepadpro13.2比这东西更实用吧？还只要它的零头[吃瓜],2
《笔记本电脑》,2
我先来  一看就是大号平板！,2
前排,3
原来这就是电脑,3
我看封面以为他是能掰弯的屏幕,3
折叠平板,3
只适合最基础需求还不差钱的人，但凡多点需求都不如上ai max 395的超级本。跟mate xt一样的纯玩具了[笑哭],2
完了，这下啥电子产品都要有折叠屏了（电视估计还是不行）,3
用屏幕打字，多一句，请问打字把屏幕打坏了谁负责？这屏幕换起来，估计1万起步吧！,2
支持有能力买的人全都买，最好多买几套，给家人朋友都配上,3
上手试了，就是把交互逻辑变了而已，其他的和平板没啥区别，软件也是少的可怜，虚拟键盘体验并不好。对于我来说，唯一的适用场景就是串流，可惜串流软件没有适配，折叠大屏打游戏还是挺好的。,2
可以说重构了电脑的概念，windows已经可以扫进历史的尘埃了,6
一提到“办公”测评，一般就都会测试那种假装办公“伪办公”需求。真的办公需求，，不同工种总有自己业内的特别的软件的。到时候就缺点随便暴露了，财务类有各类银行u盾，和报税软件。库管的有进销存软件，政府招采平台有大量的CA证书和制作招标书的专门软件。有些企业的独立UA后台。设计类、视频剪辑类的的不说了吧，做电商的商家平台等等……这才是真正的办公。,2
感觉这交互模式是真的牛啊，真的是看见了未来。,6
支持自家人平板[汤圆],5
不能运行原生.exe怎么能叫PC，说白了还是大号平板,2
支持华为，狠狠坑人,1
折叠屏都动不动一万多，这个才两万多，相比之下感觉不是很贵的，虽然我买4000多的电脑都犹豫了三年没买，但是这个还是很想买的,4
不会有人把电脑=PC吧,3
我目前用了一天，折叠电脑现在有个比较影响使用的问题：有线投屏的时候，只能展开投屏。意思就是我在客户面前本来用着笔记本形态，如果要投屏，必须展开18寸投屏，这多少显得有点装[笑哭],3
不好孩子们，看了看评论区，我感觉好像华为可能活不过今年了啊，怎么办[大哭],3
说实话严格来说我算苹果爱好者？从4s用到现在依然苹果手机，ipad换了好几次了，最开始听歌也是夹子。但是我觉得华为这个可不可以买，主要看你打算用它干啥。我属于不打游戏的（最多手机玩玩），对笔记本电脑主要的要求就是能办公，然后便携，越便携越好，能塞我大多数日常的包里是最好的，我十几年前工作时先用的大学时买的dell，然后用了两三年觉得旧了，因为用的都是苹果所以直接盲买了个苹果的本，不过因为懒得装双系统所以无法工作用，就扔给我爹拿去看视频看小说了，家里又搞了台台式，日常出门拎单位的笔记本，过了几年嫌公司的本沉，自己买了台华为的matebook x，主要就是看中轻便了，反正这几年下来它满足了我所有工作需求，但说实话我觉得干活的话屏幕有点小（日常要核对表格啊word啥的），现在看起来下个双系统，fold就完全满足我能搞wps能搞word、excel、ppt，能上单位的企微的工作需求，然后便携、但是屏幕又足够大看东西方便，价格嘛也还ok，所以我是打算搞一个。但是说实话如果是我闺蜜那种游戏党它的确没意义啊，这个感觉就是用来满足我这种纯办公用+便携+大屏的需求的，且单位/家里有别的电脑的人的。,5
强的飞起不如遥遥领先[妙啊],3
如果一两千出一个类似MAC mini的，我估计也能卖爆，而且能拉动开发者，但是目前华为的商店审核太严了，如果pc不开放侧载的话，把他当做电脑来用的意义不大。,4
有一个地方比较可惜，我挺希望他可以上半屏听课，下半屏写笔记的，现在平板就有这种问题，分屏小，还要一会立起来一会放下去，但是问了问客服，柔性屏幕不能用手写笔，电脑本身也不支持手写笔连接，希望以后能实现,3
生态互联确实好好，让我很震撼。但软件适配确实要加油，不适合我这种学生党[笑哭][大哭],4
"向伟大的华为致敬，向伟大的产品致敬！
某些买办、组装、营销厂认真学学！",6
笔记本电脑，970克，减去壳子和屏幕的重量，还有多少？主板是啥样，里面结构啥样，猜都猜的到，就是放大的手机主板。不是说轻不好，但是太轻，呵呵！这会不说鬼子车偷工减料了！,1
我觉得这种铰链折叠设计最适合笔记本电脑，因为笔记本电脑一般的印象是重并且机壳比手机薄所以不抗跌落，反而可以保护屏幕和转轴不受损坏，这反而更适合这种折叠电脑。但是很可惜的是折叠电脑需要的大屏幕很难造，让折叠手机先出来了,4
华为还是nb的，换其他任何一家发布这么一款电子垃圾定这么高价格评论区估计都一边倒的喷了。,1
能不能流畅运行Windows软件和游戏？不会连普通3-5千笔记本能做的事，那个2-3万华为一点也做不到？华而不实东西！,1
能玩黑神话悟空吗？,3
这个up看了很多期视频，没有一期能点赞，也没有一期能让我关注的，实在是没什么亮点，全是空话套话,1
我就不信真有人买电脑不玩游戏[吃瓜],2
电脑它首先得是一台电脑,2
多次出现的watch5 3499紫色[doge]你在暗示什么[doge]我劝你11号之前把测试视频发了[脱单doge],3
唯参数论啥时候才可以被大家认清本质呀，实际使用才是最重要的，实践是检验真理的唯一标准，大家都忘了吗[脱单doge],4
评论区已经血流成河了[笑哭],3
这帮玩游戏的人自己都不知道什么电脑适合自己么，还是说看到体验完全优于游戏本的电脑玩不了游戏，嫉妒了,4
想看和华硕的还有联想的同款对比,3
邪教migo咋这么喜欢反串呢？,2
看看以后的适配情况，现在喷还有点早,3
玩个4399都得冒烟的玩意,1
看到国内的企业有自己的点子非常开心[星星眼][星星眼],5
说不能打游戏的，建议买台surface试试看，我大学买的surface打柚子的游戏都卡，打别的更难，这个尺寸散热完全顶不住,4
对于富哥富姐来说就是临时压个泡当用用，娱乐办公情绪价值拉满,3
结果做了台巨大X1 Fold是吗[藏狐],3
玩具龙测评一下最近小米的大版本更新呗，期待，感谢。。。,3
推荐所有花粉购买,3
可是国际认可的是小米呢 小米的全球销量就是比它高,2
比没有现货更可怕的是你拿半成品出来卖，手持70pro+(鸿蒙next),1
看来以后，不能打游戏的电脑就不止mac了[doge_金箍],3
[鸣潮_好呀][鸣潮_好呀][鸣潮_好呀]鸿门最重要的就是软件适配，如果适配不好就会完蛋我们软件产商都知道鸿门的重要性，软件上我说实话确实给大家减少了很多重新适配的成本相比苹果要好很多但是电脑如果不做特殊适配会显得很怪异说以，鸿蒙相比苹果的适配主要好在手机和平板但是电脑如果不做适配会给用户体验上不加，有可能会导致用户觉得电脑就是大号的平板，这就是问题说以电脑电脑需要另外适配，华为这几年在创新不断突破，华为的科技技术是非常超前知识储备一般会提前3-5年所以还是值得期待，看完视频的大家我个人觉得大家可以再等等很多软件厂商还在积极适配当中，我个人推荐是等等买。,4
炫技产品，面向的不是普罗大众，但是支持搞这类产品，否则那些牧羊犬天天只会嗦老外的屁眼，吹国外的创新才是香，国内只会抄。华为的东西贵，那就等其他家搞性价比5999一台再买呗。造不出来就只能急着犬吠。,4
突然发现那些370AI的WIN掌机还是很良心的 只用零头就比这各方面好,2
这让我想到了幻X2025，华为简直将其按在地上打，肯定很强[doge_金箍][doge_金箍][doge_金箍],2
1w2的话说灵耀双屏除了屏幕素质外各方面碾压，鸿蒙+arm架构直接堵死了对双屏很大需求的工程师客户,2
有些人真的就是为了喷而喷：这个手机卖这么贵又怎么怎么样，就没有卖的便宜的吗。然后看到有便宜的又说，都卖这么贵的手机了怎么还搞这种便宜的低端机[微笑],4
这个可以边看ppt边做笔记吗,3
这个很🐮，也知道它🐮在哪里，但是，我真的不知道它为什么🐮,3
能玩原神吗？,3
26999,3
我看这豆包也是大胆,3
这不就是台平板吗,2
向老罗致敬,3
华为唯一的问题就是贵， 生态越来越好了。,4
Huawei太高端了,3
键盘是不是加个3dtouch就不会误触了？[嗑瓜子],3
可以上方是同花顺电脑版，下方手写笔软件手写吗,3
所以说，喜欢平板电脑二合一的。为什么不选幻x。差不多的重量，更便宜，性能不在一个参考系,2
这不是排泄物是什么,0
挺好的，这电脑适合扇风，晚上热了，折叠开电脑扇风[辣眼睛][doge]，还适合压五六桶泡面。,1
这个实际体验是类似传统windows系统还是一个超大号平板？,3
有没有人省流一下性能？,3
诶不是，那中间的折叠痕迹会不会很明显啊,3
真有人买这个东西吗，买来干嘛？？？,2
有没有人能测一下金融投资软件的兼容情况和使用舒适度啊,3
遥遥领先[星星眼],3
建议叫折叠平板，防止有人真把它当电脑了,2
价格不谈，真的帅,5
创世+vp还是更喜欢实用一点的，折叠屏对我来说吸引力不大,3
这个在国补里算电脑还是算平板啊？,3
能打炉石吗,3
"[辣眼睛]怪我穷了
我有一台MATEBOOK E，其实用处就是有时候看看PDF文件，偶尔文字处理，看看视频，玩玩游戏（双点医院、足球经理、泰坦之旅啥的）。
玩大型游戏我有专门的台式电脑
笔记本主要需求就是轻便，因为工作时文字居多，加上偶尔出差需要带走，顺带能玩玩游戏酒店无聊可以消遣下。
这个本是真喜欢",4
人自己说的性能出色,3
有钱人的玩具，平板风味的笔记本[笑哭],2
评论区这帮玩意也就拿“新系统”做借口了，MacOS和Windows诞生的年代也能满足当年人们的需求，现在这个都不能满足日常办公的需求被他们叫做了“开放”，天天也就会给别家用户泼脏水，说别家用户“攻击”了（退而求其次，华为宣传的时候不碰瓷别家系统，不就不会被嘲讽了吗）,1
我想知道触屏会留有指纹吗，我用三折叠每天都要用磨砂布擦好几次，不然屏幕有点浑浊感,3
@小白测评 测评，能不能出一期小米6sPro教程，对于性能和桌面系统优化，还有散热,3
"哪都好,确实牛皮,就是贴到屏幕的键盘绷不住,作成外接的多好,这折叠一横尺寸超大,.",4
性能测试呢？,3
，。。额,3
一群哈急人，外强中干，伪逻辑套是套的，黑神话也不能在龙芯平台运行，但不敢冲龙芯，只敢冲华为，暴露了虚伪的本质[嗑瓜子],2
能接鼠标吗,3
你说的对但是屏幕上的盲键更难蹦,2
上次听到评价电脑不说参数不说性能不说续航，还是我多年前去电脑城的时候了。,1
两万多的笔记本连正常的热门网游都玩不了的性能这合理吗，手机的骁龙八至尊的性能都能玩3A大作[doge],1
这个虚拟键盘能做到实体键盘盲打的效果吗？,3
柔性推广/品牌合作,3
那么多种屏幕形态，每个屏幕形态还分两三种逻辑分辨率，软件适配的过来吗,2
想看跑分测评[doge],2
感觉这电脑很适合当便携屏[喜极而泣]，不过这个价格不会有人拿来当显示器用吧,3
终于见到皇帝的金锄头了,2
鲁大师跑一个,3
首先这不是新形态，只是新系统,3
为啥我在应用商店没有搜到酷安？[笑哭],3
赶个晚集[滑稽]云享社给鸿蒙PC做了一些适配，但应该还没发，就是基本简单的适配（另一套UI，尽量减少一定的页面跳转）。,3
导购大师,2
这不就一平板吗,2
侧载是哪一期，没找到,3
轻办公 2 万多的电脑 不选 mac 这么小众的需求[笑哭],2
用的什么芯片，是麒麟X90吗？,3
吊打华硕[嗑瓜子],2
我觉得这都算折叠屏最实用的应用了,2
有的弹幕是真唐啊,1
怎麽都没有说续航如何，或跑分结果的？,3
虽然，但是2w多啊,2
白叔，能不能来一期各家散热器的游戏模式对比，就比如像最具代表的的一加的X模式,3
这个和applev比哪个更有创新,3
啥时候出三折叠笔记本？,3
糇有种重新定义万物的冲动，而且完全是看糇的喜好，而不是靠事实来定义,1
做到苹果做不到的事情，很棒,5
系统挺好，就是硬件不得行,3
当你在犹豫的时候，你就已经不是它的用户了。,3
这价格才机盖的一半？ 简直不要太有性价比好吗？,5
折叠的那个有点重,2
不错 不错 计划买两个平板 一个红魔3pro 一个matebook fold,5
国家支持一下呗 各大党政机关人手配发一台,2
哇唔(´∇｀),4
"很未来,不现在,炫技产品",3
鸿蒙电脑能右键吗？,3
高效,4
"拿这电脑和华硕ROG对比的是不是打游戏打傻了？
我拿这电脑跟客户演示方案，客户都能跟我互动的很开心。
我拿游戏本去和客户讲方案，客户：你跟我玩呢？[微笑]",4
你是因为刚买觉得还不错。。。我特么用了快7年了，今年还是没忍住给撤掉了。。。用了这么多年我都没习惯macos的操作习惯，还是被win绑定太深了,3
4000块钱能买到轻薄本？？？,3
这款产品，对于我来说肯定不太行，主要是清理绿化带效率太低,2
触控板进度条，亮度，音量，最小号，关闭窗口没有了，以后回家么[大哭][大哭][大哭],2
bro我想看的防误触演示是打字的时候手指尖碰到的演示，不是整个手搭上去的演示[笑哭]怎么粉丝多一点的都是这样[笑哭],2
开始了，又是这种统一时间点发商单。,2
哇塞，超好奇MateBook Fold非凡大师新系统感受😜。好奇操作能否更便捷，交互有无惊喜，期待体验奇妙感觉😜。,3
这么说吧，能用vscode吗[doge_金箍]？,2
为什么不出一台折叠平板。在大平板和小平板来回切换使用,3
华子还是有钱。养活了b站生态圈,3
哈哈大笑[鼓掌],3
"被国产系统折磨的公职人员来报道下？[翻白眼]
HW这玩意确定不是超大号平板？",1
笔记本风味平板[笑哭],2
能玩腾讯全家桶吗？比如cf，逆战，LOL啥的,3
评论区懂不懂触控的意义！,3
要是能够dp-in就好了,3
虚拟机可以后台运行吗,3
人机引战。[无语],1
是的，过去我们想拖动一个窗口，有一个动作是（前边忘了，中间忘了，后面忘了），其实他很有啥[初音未来_大笑][初音未来_大笑][初音未来_大笑],2
特意去掏鲍搜了一下，还是那个没认清自己最大缺点的华为[笑哭],1
"为啥总是有人想用超薄本玩3A游戏,,是不懂,还就是刚",3
感觉就是秀肌肉的，两三万的电脑轻度办公，只适合有钱人看股票吧,3
别的不说，折叠屏很适合轻薄本，估计十年后市面上轻薄本会有大量折叠屏,5
看了看评论，我有个想法：“建议也别搞什么自己的电脑系统了，win不让用就不用呗，不如直接放弃电脑业务得了”,2
交互确实牛笔,5
华为--米殖专杀专杀,1
不是，产品好不好不清楚，但真有弹幕写着轻薄本玩不了游戏这种弹幕属实整笑了[大笑][大笑][大笑],3
f和j位置是否有凸点，否则怎么盲打,3
这产品只能看会不会有后续的项目升级，从鸿蒙层面来说确实进步了，但价格也确实只能是一些“目标”人群购买。,3
真的交互遥遥领先！就看生态能不能做好了！,5
人类最高杰作，华人之光[doge],2
鸿蒙系统是很不错，但这玩意诟病的是打字体验，真的太差劲了，根本没法盲打,2
等二代了，主要是虚拟键盘看别人演示有延迟是最蚌埠住的。,2
云视听音量，没有做响度均衡。听了个寂寞,2
能用swapface吗,3
很棒的产品,5
视频里提到的“5代华为”侧载教程在哪？没搜到。,3
想起周星驰的段子：乞丐中的霸主、卧底中的指挥官[笑哭],2
两万的电脑性能玩4399赛尔号吗？,2
LKS图一乐系列,3
穷逼才会天天喊性价比[嗑瓜子],1
"有人说大平板，有人也急着反驳。说说我的意见吧，以前平板只是纯粹的娱乐设备。但现在的实际情况是，平板有一块相当可用的磁吸键盘+触控板，本身有着大约10W的性能释放，还有13寸左右的屏幕。这样一台设备，本身就不应该和PC的用途产生巨大的鸿沟。要知道，在两三年前，1kg笔记本还是按照15W TDP来进行设计的。而当时的15W X86性能根本打不过现在的10W ARM。所以平板性能其实完全是够了的。我觉得真正的问题，是厂家不愿意去做平板=笔电的这个功能，比如你说ipadpro里面的M1就比air里的M1弱特别多吗？其实轻办公的时候，这俩功耗都差不多。那苹果为什么不给平板用mac系统呢？甚至ios都是ipad版本。这个问题，放在华为这里也是同理。为什么，matepad pro这种，不能开放PC UI的切换呢？实际上各位也发现了，matepad pro上面就可以跑中望CAD，WPS PC版这种东西，而鸿蒙PC版，除了这些软件，也是平板手机那一堆APP。既然如此，为什么要把PC和平板还分这么开？

要我说，当代旗舰平板本身就和笔记本没有特别的差别了。就应该是一样的。平板模式，应该是一种类似于小白用户的模式，给不想折腾的人用。而对于其他的，把平板当做办公工具之一的人群来说，平板则更应该往PC的方向去靠拢。",3
适配软件生态是一个漫长且艰难的过程，华为只能不断推出产品才能拉动适配，不能闭着门永远做不好,4
评论区还在说能不能干这能不能干那的，你就算想买一个满足需求的电脑你也不会花大几万买电脑啊，也就是从价格来说大多数人是可以不用看这个产品的,3
不知道什么时候能把Windows的股票期货交易的一系列软件按照原本pc端差不多的功能弄到鸿蒙pc上，在进行去繁为简的优化就好了，国内外各种品种交易群体可是大有人在，鸿蒙真可以把这方面给完善了。,3
建议以后用拼音，打造成奢侈品,2
蒸镀的屏幕几米长呢，切成小块的，屏幕做不大主要是控制IC和电源管理有影响吧,3
谁能把张祥前引荐给丘成桐、杨振宁、丁肇中、雷军、任正非等人？天才们加油去完善爱因斯坦的相对论、量子场论，应用超高等外星人科技和张祥前的《统一场论》、人工场技术，用零质量原理造出光速飞碟实现宇宙中瞬移、彻底解决人类的智慧、生老病死及一切问题，全面取代马斯克的产业，将刘慈欣的《三体》垫在脚下，站在丘成桐、杨振宁、施一公等人的肩膀上，掀翻标准粒子模型和超弦理论等理论，让我们大步前进成为跨星际文明。,3
【电脑】？😁,2
白哥，数位屏能测评一番否？,3
玩具龙出啥事了吗？我看有人在弹幕🐎,3
看到评论区多数都在骂，就说明方向对了,4
莫引战啊，华为和小米都是十分优秀的民族企业，不要去踩一捧一  任何企业的任何产品都有自己的优劣 按照自己的需求去取舍去选择就可以,4
关于这个话题，我觉得复杂的问题往往需要多维度的思考。,3
有 hdmi 接口吗？,3
电脑永远是电脑,3
感觉就是个可以折叠的，鸿蒙系统的surface[笑哭],3
华子：我滴任务完成啦，接下来就看25届高考生们的发挥了[滑稽][doge],3
加油，华为！,5
华为现在的生态链让我想起了侠客行里石破天的那句话，我不懂，我只是随性所欲！！这就是无招胜有招的境界！,6
目前触控板延迟有问题，他们准备重新搓一个方案,3
这要是苹果发布的，米粉果粉就又来改变世界了,4
这么大的屏幕清洁起来很麻烦吧，刚何况是要全程用手指操控的,2
小米电脑更好,1
那你手机平板电脑都是鸿蒙系统，我请问了，这东西跟折叠平板有区别吗？,2
新的生产力工具[打call],5
谈下性价比吧   不然买就是就是很蠢,2
战略意义更大,3
在手机上玩游戏王、浏览网页时要是能无缝连接到各种设备就好了,3
我做服务，价格厚道感动人心,3
好快的发,3
刷了win10的小米平板5还能再战,3
纯玩具,1
最重要就软件生态，整个华为电脑系列能不能在一般消费者之间流行就靠这个，之后可以每隔一段时间做一期生态相关的视频。,3
鸿蒙电脑真的很酷，创新还得是华为,6
不能玩cs，但能玩王者[给心心],3
像我这种轻办公是挺想买来试试看，正好手机也是华为，但是，2w+还是有点体验不起[tv_流泪]不过质感和创意还是没得说,4
没有转发抽奖？,3
我勒个抽象弹幕啊[笑哭],3
侧栽了米哈游的游戏，能试试效果么？比9020如何,3
今天刚去打卡,3
我永远喜欢有地绫！[喜欢],6
打卡[doge],3
打卡～,4
茉子天下第一！,6
没玩过千恋万花，看OP这一定是个全年龄游戏吧,4
也是第一次通关了，就是感觉少了点什么,4
2024中秋节快乐！,4
0721人正在看[微笑],4
永远爱丛雨[给心心][给心心],5
[脱单doge]轮到我发了 前天刚拍的人有点多,4
我去，千原万神！,4
你怎么知道我刚结束茉子线[微笑],4
你不选茉子茉子会觉得没关系因为她从来不觉得自己是故事的女主角;你选了茉子茉子会很开心因为她成为了你心中的女主角,4
茉子，我送你回家了茉子[嘟嘟],4
国区卖得这么好吗，短短几个月销量又涨这么多。虽然Steam版相对于实体版打骨折，但这个销量在gal里属实厉害,3
逆天Steam,2
很快啊[tv_doge],3
感谢黑神话悟空让我玩到了千恋万花??,3
有多少人入坑gal是千恋万花开局的，我先举个手[doge],4
我！是！柚！子！厨！,5
春节过来看的都是这个???? Ciallo～(∠?ω&lt; )⌒★,4
柚子厨就像车万，平时见不到，一个官号能钓出来二三十万,3
半年后有人踢我就入坑玩玩看[蹲蹲],3
我昨天已经好好地调查过朋友之间是怎么打招呼的了,3
出个外公线吧，柚子厨们什么都会做的??,4
给我2000个赞，在班上唱这个[doge],3
诶?????? 我刚好发现一个可以掉手机的床缝??,3
朝武芳乃天下第一！,6
刻在脱氧核糖核酸里的三味线,3
魔女的夜宴你跳过了，天使骚骚你也不下，这次千恋*万花你还不玩你就退群吧，真的。玩笑归玩笑，第一眼确实没分辨出来没想到游戏能够真实到这种地步。 千恋*万花真的是动作射击游戏爱好者福音吧，我dr800ml，天色烂漫600ml，魔女的夜宴800ml，riddle joker900ml，星光咖啡馆800ml，天使骚骚1000ml，很多老动作游戏也都玩过了，这么多年下来，只有千恋*万花能有一种刚接触动作游戏时的感动。,3
填空题：千（）万（）,3
这op有三个版本啊，一个裹浴巾全年龄版，一个是没裹浴巾但也没露点版，还有一个是r18版[笑哭],3
手机不小心掉床缝了━━━∑(?□?*川━,4
Ciallo～(∠?ω&lt; )⌒★,4
被背刺了[笑哭][笑哭][笑哭],4
今天是7月29日，是千恋万花发行的8周年，将这个消息转发到5个群，下次回到乡下给外公帮忙你就会遇到白毛巫女，下流忍者，绿毛锉刀和黄毛留学生，我试过了，是假的，还会被群友骂柚子厨，但是今天真的是千恋万花8周年,3
刚录完刷到的，我真是个神人[笑哭],3
现在要是还有人看就踢我一脚[千恋万花动态表情包_呆][千恋万花动态表情包_呆][千恋万花动态表情包_谢谢],3
没想到有一天能在b站上看到正版的官方发的op[doge],7
家人们给我支个招呗，我现在走完了丛雨线，我很喜欢丛雨，但我又想走别的线，但又像绿了丛雨一样，她对我那么好，而且总感觉很怪，谁能帮帮我[千恋万花表情包_心碎],3
我永远喜欢玄十郎！！！[给心心][给心心][给心心],5
原来原版是这样的啊，我手机太老了，玩的时候衣服都没加载出来[笑哭],4
全站唯一一个能投自制的[doge],3
这个点还在看千恋万花的都是这个????,3
一进来就听懂了??,4
现在还在看的都是[支持][千恋万花表情包_不愧是我],4
你这个情况我还真见过，这样吧，你启动steam，搜索千恋万花，点击购买，启动游戏，记住七个选项   第一个选项：敷衍过去。 第二个选项：不好说。　第三个选项：单独行动*。　第四个选项：看着不奇怪。　第五个选项：摸头*。　第六个选项：有点担心。第七个选项：少说两句。这样你就能进入丛雨线了,3
你可以不喜欢常陆茉子，你可以不喜欢柚子轻松愉快的恋爱，每个人都有自己的喜好，不喜欢也很正常…………算了，编不下去了，不喜欢茉子的真没品,4
千恋万花全角色个人线解锁流程：  芳乃线： 第三章选择：接下来干什么？——钓鱼 是否交给廉太郎？——不行 朝武看上去很担心？——让她放心  茉子线： 第二章选择：穗织和大城市，你选哪里？——不好说 第三章选择：接下来干什么？——挖野菜  丛雨线： 第三章选择： 接下来干什么？——单独行动 感谢丛雨？——摸头  蕾娜线： 第三章选择： 有没有哪里奇怪？——我觉得很可爱 接下来干什么？——钓鱼 是否交给廉太郎？——好吧  小春&amp;芦花线： 第一章选择： 一目倾心…？——说实话 第三章选择： 接下来干什么？——挖野菜 小春的料理…？——相信小春  可能有残缺，敬请指出,3
什么游戏？资源在哪？手机能玩吗？我看隔壁都能手机玩？怎么解压？不回答我在线解压了。这个馆死跟我之前找的死馆是同一个吗？柚子在厨房有什么妙用？,3
吓得我去游戏里看了下浴池那段到底穿没穿[doge],3
上个月高考完的表弟来找我玩，他打算在我家住到开学所以把衣服和被子被套全带过来了。但是我家衣柜特别小，他的全部衣物塞进去了之后还剩个被子死活找不到地方放。这时候我灵机一动：欸家里厨房抽油烟机旁边有个小橱子现在没放东西。于是我和表弟二人费了九牛二虎之力把被子塞进那个橱子里。过了一个多月我们都快忘了这件事，直到昨天我妈生气地拿出那床已经全是油渍的被子我们才知道：油渍橱这被子都油了,3
现在还在听这个op的是这个????,4
各位玩家息怒，互联网上的TGA搬奖是假的，以下是TGA真实奖项归属 最佳动作游戏——千恋万花 最佳表演奖——千恋万花 最佳家庭游戏—— 千恋万花 最佳无障碍创新游戏——千恋万花 最具影响力游戏——千恋万花 最佳电竞游戏——千恋万花 最佳电竞选手——有地将臣 最佳电竞战队——穗织 最佳VR游戏——千恋万花 最佳格斗游戏——千恋万花 最受期待游戏——千恋万花 最佳多人游戏——千恋万花 最佳社区支持——千恋万花 最佳艺术指导——千恋万花 最佳DLC——Ciallo～(∠?ω&lt; )⌒☆,3
千恋万花吗…有点意思哈[千恋万花表情包_芳乃Ciallo][千恋万花表情包_丛雨Ciallo][千恋万花表情包_茉子Ciallo][千恋万花表情包_蕾娜Ciallo],3
???哥们在千恋万花和知更鸟中选了沙耶之歌作为第一部,3
这都十月十三号了，应该没人了了吧，这要还有一百个人我就买。,3
[微笑],3
有种在图书馆散步遇到自己炮友的感觉,4
开学还在看的大学生是这个[支持][支持][支持],3
刚开始做的时候只感觉好长，为什么还有3-6 3-7，脑子里只想看h的，但是当真正进入芳乃线了以后才发现剧情这么甜(第一次推的是芳乃线)，当真正到了h的地方反而没有什么兴致了，只想继续看接下来的剧情，当推完芳乃线了后感觉到的就是一种看完番后还没看够的空虚感，之后去推了丛雨线和茉子线，特别是茉子线，感觉茉子好可爱[给心心] 但是看到祟神被拔除后茉子幸福的样子，真的再也没有勇气去做其他线了[酸了]只能重新去把芳乃线好好的做一遍(之前有些地方点到比较快，没看到)现在只有无尽的空虚感[酸了],4
时代柚子团??，我们喜欢你?? 我们喜欢?? 小丛雨?? 小芳乃?? 0dnn?? 美咕噜??  时代柚子团??，我们喜欢你?? 我们喜欢?? 三司绫濑?? 在原七海?? 四季大枣?? 石墨烯??,5
这个点还在看柚子不睡觉是这个[支持][支持][支持],4
这个点还在看柚子的是这个[支持][千恋万花表情包_丛雨Ciallo],4
这个点还在看千恋万花的都是这个????,4
千堵万桥来的[笑哭],3
现在还有十个人踢我我就买[doge_金箍],3
最近刚好玩过千恋万花，这也是我玩的第一部gal，我很喜欢这种轻松、柔和的剧情，恰到好处、轻松明快的背景音乐，可爱的画风与人物设计，这些都很治愈。能第一次就玩到这样一款gaⅠ，真是太幸运了（毕竟听说有些gal很让人感到致郁）。感谢yuzusoft制作的千恋万花，让我遇到了丛雨，并在其与将臣的生活中得到了治愈。 很喜欢丛雨／绫，玩共通时就想能多见到丛雨，在B上查看游戏相关视频，在评论中的只言片语中了解到有共通线与角色线的存在，不知道共通线的界限，只想去玩丛雨线，错把丛雨线当共通线加速通过了，把丛雨的后日谈当丛雨线认真过了，这导致我脑中的故事线有缺失，对丛雨的感触也没有其人深，我好出生啊。 因为太喜欢丛雨了，以至于我都在考虑是否把千恋万花当成我人生中的第一部与最后一部gal，玩别的线或gaI对我来说都是一种罪恶，对丛雨的500年等候也是一种亵渎。 最后祝yuzusoft的gaI能越做越好。,5
你说得对，但是求大佬给一个安卓直装，krkr是什么意思，我不会用，xp3后缀是什么，我没有见过。怎么解压？为什么解压还要钱？能不能不压缩发出来。电脑的正版太贵了，我买不起。补丁是什么意思，怎么打？我是苹果用户，能不能下载安卓直装？????????,3
最开始就当下个能冲的，结果忽然发现前奏这么慢，然后再到后面，好不容易到能冲的地方的时候，又不想冲了。主要是剧情太好了，总有一种负罪感[捂脸]整体来说，游戏上佳，不过我玩游戏更像是看一种番剧，最开始的目的由冲变成了纯粹的看番,4
我的电脑卡死了，为什么我玩的时候衣服都加载不出来,3
过年和家里人一起玩的，非常棒的家庭互动游戏,4
这个点依然在看千恋万花的都是这个????,4
千恋万花里我最香草的10个人排行： 1.丛雨 2.幼刀 3.小绫 4.朝武丛雨 5.有地绫 6.有地丛雨 7.小雨 8.丛雨大人 9.朝武绫 10.丛雨丸刀灵,4
群里下了个黑神话悟空手游版的我[辣眼睛],3
这个点还在看千恋万花的都是这个????,4
完蛋，我玩到盗版了，衣服都没有，现在看了官方的才知道[笑哭],4
笑点解析：柚子社好不容易找到了官中和谐版op，但是忘了删ns发售部分,3
什么时候出一个b站的主题，我真的很需要[嘟嘟],4
我以为那个群文件真的是黑神话悟空手机版[辣眼睛],4
出题组到晕了,3
高考完就来看的你是这个[支持][千恋万花表情包_芳乃Ciallo][千恋万花表情包_丛雨Ciallo],4
感谢黑神话悟空让我玩到了千恋万花??,3
[打call],4
对，就是你，大过年的半夜1点还在吃柚子，你是这个[支持],4
常年玩柚子社的人都是人中龙凤，有安邦定国之志，是经天纬地之才。 关于柚子厨的优势最早可以追溯到白垩纪晚期，人类的老祖先阿喀琉斯基猴通过玩柚子社游戏迅速增长智力抵御小行星，顺利地在天灾中幸存，而愚蠢的恐龙未能窥见柚子社之奥妙最终灭绝。二十万年前，懂得持续玩柚子社的聪明智人很快便掌握了更强的团队合作意识和更先进的社会结构，而从不玩柚子社游戏的愚蠢尼安德特人最终无法适应环境变化在竞争中落败直至灭亡。因此玩柚子社会显著优化大脑结构，迅速提升智力，在自然、社会竞争中取得无法比拟的优势。 早在文艺复兴时期，柚子学家们便提出了一个著名的论断，人类文明最初的标志是“一张拼接过的柚子社游戏石板”。他们是这样解释的，在茹毛饮血的上古时期，没有柚子社游戏玩的人，除非得到其他人的家庭共享，否则必死无疑，因为不玩柚子社，人就会死。因此一张拼接过的游戏石板表明在修复石板时有人家庭共享柚子社，学者认为这是家庭这一观念的雏形，也是文明的起点。,3
Hallo！  Ciao！ best match！！！ Are you ready？ へんしん！！！ Ciallo～(∠?ω&lt; )⌒★!,5
首先吧还是祝千恋万花发售快乐，本人柚子社玩的第一部 但接下来才是我要说的重点内容，所以你既然想得起来在今天发千恋万花的op，可为什么昨天自家处女作管乐恋曲的生日动态都不知道发一个？并不是反对你宣传千恋万花、天使嚣嚣这些热度更高的更加新的作品，但你好歹是作为一个会社进入平台的，那么老作品你也有义务去宣传，你要做的是去告诉国内的玩家，我柚子社实际上不止广为人知的五部，还有dracu-riot、nobleworks等也非常不错的老作品。作为一个从管乐到天使都打完的玩家，看到这波操作属实是蛮心寒的。管乐恋曲作为你社正式的第一部作品，即使不是那么的受欢迎，你也应该让更多人知道这是梦开始的地方，而不是在这个平台上雪藏。这不是人人都知道你柚子有12个作品外加子公司2个作品的大环境，那么你身为官方就有义务让这个萌新团体很多的平台去更深入的了解柚子社的过往，柚子社的全部。幻想岛你还知道发一个动态意思意思，管乐居然什么都没有？而到了千恋万花不仅发了动态还加上了op，这区别对待真的OK？希望在这个平台上运营账号的可以好好想想这个问题。 其次，你说过你会搬运更多全新的资讯，那昨天公布的那么多天使的手办消息、幻想岛的手办消息以及今天丛雨粘土人的消息为什么完全不公布，这些不是最新消息吗，这些不该让喜欢手办的会社玩家知道吗？请不要让别人搞不明白你来b站的意义。 希望官方能负起责任，不要一来就开启懒狗模式。,4
我的故事来源于黑神话悟空[doge],3
有点后悔看攻略了，第一次选择应该看自己，全部由自己决定大概进那条线，没看的话，钓鱼那段完全是未知的[微笑][微笑],3
每周把历代的OP放一遍，全放完的时候就可以公布新作了罢（狂喜）,3
这个点还在看千恋万花的都是这个????,4
这两天在朋友的推荐下入坑的。我这人做剧情就比较投入，过芳乃线就有点泪崩。但是我代入的可能不是男主，而是安晴[笑哭]看着芳乃一步步脱离诅咒，和心上人一起恩恩爱爱地生活，就感觉一阵解脱和一种说不出来的意难平。哪怕是在h情节我也没朝那方面想，力不起来，而是一边泪目一边欣赏两人的情愫。真好啊，就像一场绚丽的烟花，当然，看到两人生下小男孩后，却又有种故事结尾那种落寞感，那种怅然若失。哪怕是个游戏，却也让我体会到一种难以言说的情感，希望在故事的留白里，两个人也能越过越幸福[打call],4
这个点还有谁在看[Mygo表情包_让我看看],3
冷知识：如果在选择过程中谁都不倾向 最终会和好兄弟在一起（,4
千恋万花攻略：1，糊弄过去；2，不好说哦；3，不奇怪哦；4，挖野菜；5，口头致谢；6，相信小春；7，让芳乃放心，这样你就能见到整个游戏最可爱的人的线，太甜了[大笑]可怜又可爱的茉子[大笑],5
我室友就是玩这个游戏，把脑子玩傻了??,3
外公，请帮助我成为真正的男人！！,3
我是谁？,3